Nome da instituicao;Sigla da instituicao;Nome da base de dados;Sigla da base de dados;Responsavel pelo registro;Numero do registro no portal;Numero do registro na base de dados;Data do registro;Data do evento;Data de Carencia;Nome cientifico;Nome comum;Nome cientifico na base de dados;Nivel taxonomico;Numero de individuos;Reino;Filo;Classe;Ordem;Familia;Genero;Especie;Estado de conservacao;Categoria de Ameaca;Localidade;Pais;Estado/Provincia;Municipio;Status de Sensibilidade;Latitude;Longitude;Outras informacoes da localidade;Jurisdicao;Destino do Material
Sem Informações;ICMBio;Sistema de Autorização e Informação em Biodiversidade.;SISBIO-DIBIO;Lucia Giuliano Caetano;1029813;Nº Da Autorização/Licença Sisbio: 11399;13/02/2017;14/02/2017 a 14/02/2017;12/12/2012;Hypostomus strigaticeps;Cascudo-pintado;Hypostomus strigaticeps;species;2;Sem Informações;Chordata;Actinopterygii;Siluriformes;Loricariidae;Hypostomus;Hypostomus strigaticeps;Espécie não Ameaçada;Sem Informações;Ribeirão Três Bocas;Brasil;PR;Londrina;Espécie não Sensível;-23.385525;-51.076383;Coordenada aproximada;Sem Informações;Será destinado posteriormente
Sem Informações;ICMBio;Sistema de Autorização e Informação em Biodiversidade.;SISBIO-DIBIO;Lucia Giuliano Caetano;1029814;Nº Da Autorização/Licença Sisbio: 11399;20/03/2017;21/03/2017 a 21/03/2017;12/12/2012;Hypostomus hermanni;Sem Informações;Hypostomus hermanni;species;11;Sem Informações;Chordata;Actinopterygii;Siluriformes;Loricariidae;Hypostomus;Hypostomus hermanni;Espécie não Ameaçada;Sem Informações;Ribeirão Três Bocas;Brasil;PR;Londrina;Espécie não Sensível;-23.385525;-51.076383;Coordenada aproximada;Sem Informações;Será destinado posteriormente
Sem Informações;ICMBio;Sistema de Autorização e Informação em Biodiversidade.;SISBIO-DIBIO;Lucia Giuliano Caetano;1029815;Nº Da Autorização/Licença Sisbio: 11399;20/03/2017;21/03/2017 a 21/03/2017;12/12/2012;Hypostomus nigromaculatus;Cascudo;Hypostomus nigromaculatus;species;2;Sem Informações;Chordata;Actinopterygii;Siluriformes;Loricariidae;Hypostomus;Hypostomus nigromaculatus;Espécie não Ameaçada;Sem Informações;Ribeirão Três Bocas;Brasil;PR;Londrina;Espécie não Sensível;-23.385525;-51.076383;Coordenada aproximada;Sem Informações;Será destinado posteriormente
Sem Informações;ICMBio;Sistema de Autorização e Informação em Biodiversidade.;SISBIO-DIBIO;Lucia Giuliano Caetano;1029816;Nº Da Autorização/Licença Sisbio: 11399;20/03/2017;21/03/2017 a 21/03/2017;12/12/2012;Hypostomus paulinus;Cascudo;Hypostomus paulinus;species;1;Sem Informações;Chordata;Actinopterygii;Siluriformes;Loricariidae;Hypostomus;Hypostomus paulinus;Espécie não Ameaçada;Sem Informações;Ribeirão Três Bocas;Brasil;PR;Londrina;Espécie não Sensível;-23.385525;-51.076383;Coordenada aproximada;Sem Informações;Será destinado posteriormente
Sem Informações;ICMBio;Sistema de Autorização e Informação em Biodiversidade.;SISBIO-DIBIO;Lucia Giuliano Caetano;1029817;Nº Da Autorização/Licença Sisbio: 11399;20/03/2017;21/03/2017 a 21/03/2017;12/12/2012;Hypostomus strigaticeps;Cascudo-pintado;Hypostomus strigaticeps;species;3;Sem Informações;Chordata;Actinopterygii;Siluriformes;Loricariidae;Hypostomus;Hypostomus strigaticeps;Espécie não Ameaçada;Sem Informações;Ribeirão Três Bocas;Brasil;PR;Londrina;Espécie não Sensível;-23.385525;-51.076383;Coordenada aproximada;Sem Informações;Será destinado posteriormente
Sem Informações;ICMBio;Sistema de Autorização e Informação em Biodiversidade.;SISBIO-DIBIO;Lucia Giuliano Caetano;1029818;Nº Da Autorização/Licença Sisbio: 11399;20/03/2017;21/03/2017 a 21/03/2017;12/12/2012;Hypostomus ancistroides;Cascudo;Hypostomus ancistroides;species;4;Sem Informações;Chordata;Actinopterygii;Siluriformes;Loricariidae;Hypostomus;Hypostomus ancistroides;Espécie não Ameaçada;Sem Informações;Ribeirão Três Bocas;Brasil;PR;Londrina;Espécie não Sensível;-23.385525;-51.076383;Coordenada aproximada;Sem Informações;Será destinado posteriormente
Sem Informações;ICMBio;Sistema de Autorização e Informação em Biodiversidade.;SISBIO-DIBIO;Lucia Giuliano Caetano;1029819;Nº Da Autorização/Licença Sisbio: 11399;13/02/2017;14/02/2017 a 14/02/2017;12/12/2012;Proloricaria prolixa;Rapa-canoa;Proloricaria prolixa;species;2;Sem Informações;Chordata;Actinopterygii;Siluriformes;Loricariidae;Proloricaria;Proloricaria prolixa;Espécie não Ameaçada;Sem Informações;Ribeirão Três Bocas;Brasil;PR;Londrina;Espécie não Sensível;-23.385525;-51.076383;Coordenada aproximada;Sem Informações;Será destinado posteriormente
Sem Informações;ICMBio;Sistema de Autorização e Informação em Biodiversidade.;SISBIO-DIBIO;Lucia Giuliano Caetano;1029820;Nº Da Autorização/Licença Sisbio: 11399;13/02/2017;14/02/2017 a 14/02/2017;12/12/2012;Apteronotus albifrons;Peixe-fantasma;Apteronotus albifrons;species;1;Sem Informações;Chordata;Actinopterygii;Gymnotiformes;Apteronotidae;Apteronotus;Apteronotus albifrons;Espécie não Ameaçada;Sem Informações;Ribeirão Três Bocas;Brasil;PR;Londrina;Espécie não Sensível;-23.385525;-51.076383;Coordenada aproximada;Sem Informações;Será destinado posteriormente
Sem Informações;ICMBio;Sistema de Autorização e Informação em Biodiversidade.;SISBIO-DIBIO;Lucia Giuliano Caetano;1029821;Nº Da Autorização/Licença Sisbio: 11399;13/02/2017;14/02/2017 a 14/02/2017;12/12/2012;Gymnotiformes;Sem Informações;Gymnotiformes;order;1;Sem Informações;Chordata;Actinopterygii;Gymnotiformes;Sem Informações;Sem Informações;Sem Informações;Espécie não Ameaçada;Sem Informações;Ribeirão Três Bocas;Brasil;PR;Londrina;Espécie não Sensível;-23.385525;-51.076383;Coordenada aproximada;Sem Informações;Será destinado posteriormente
Sem Informações;ICMBio;Sistema de Autorização e Informação em Biodiversidade.;SISBIO-DIBIO;Lucia Giuliano Caetano;1029822;Nº Da Autorização/Licença Sisbio: 11399;13/02/2017;14/02/2017 a 14/02/2017;12/12/2012;Apteronotidae;Sem Informações;Apteronotidae;family;1;Sem Informações;Chordata;Actinopterygii;Gymnotiformes;Apteronotidae;Sem Informações;Sem Informações;Espécie não Ameaçada;Sem Informações;Ribeirão Três Bocas;Brasil;PR;Londrina;Espécie não Sensível;-23.385525;-51.076383;Coordenada aproximada;Sem Informações;Será destinado posteriormente
Sem Informações;ICMBio;Sistema de Autorização e Informação em Biodiversidade.;SISBIO-DIBIO;Lucia Giuliano Caetano;1029823;Nº Da Autorização/Licença Sisbio: 11399;13/02/2017;14/02/2017 a 14/02/2017;12/12/2012;Apteronotus;Sem Informações;Apteronotus;genus;1;Sem Informações;Chordata;Actinopterygii;Gymnotiformes;Apteronotidae;Apteronotus;Sem Informações;Espécie Ameaçada;Em Perigo;Ribeirão Três Bocas;Brasil;PR;Londrina;Espécie não Sensível;-23.385525;-51.076383;Coordenada aproximada;Sem Informações;Será destinado posteriormente
Sem Informações;ICMBio;Sistema de Autorização e Informação em Biodiversidade.;SISBIO-DIBIO;Vladimir Pavan Margarido;1020178;Nº Da Autorização/Licença Sisbio: 10522;14/01/2017;15/01/2017 a 27/01/2017;11/12/2011;Crenicichla jaguarensis;Sem Informações;Crenicichla jaguarensis;species;7;Sem Informações;Chordata;Actinopterygii;Perciformes;Cichlidae;Crenicichla;Crenicichla jaguarensis;Espécie não Ameaçada;Sem Informações;Rio Piquiri, Região Do Paiquerê;Brasil;PR;Nova Laranjeiras;Espécie não Sensível;-25.304717;-52.546389;Coordenada aproximada;Sem Informações;Depositado em coleção/museu
Sem Informações;ICMBio;Sistema de Autorização e Informação em Biodiversidade.;SISBIO-DIBIO;Vladimir Pavan Margarido;1020179;Nº Da Autorização/Licença Sisbio: 10522;14/01/2017;15/01/2017 a 27/01/2017;11/12/2011;Bryconamericus iheringii;Lambari;Bryconamericus iheringii;species;2;Sem Informações;Chordata;Actinopterygii;Characiformes;Characidae;Bryconamericus;Bryconamericus iheringii;Espécie não Ameaçada;Sem Informações;Rio Piquiri, Região Do Paiquerê;Brasil;PR;Nova Laranjeiras;Espécie não Sensível;-25.304717;-52.546389;Coordenada aproximada;Sem Informações;Depositado em coleção/museu
Sem Informações;ICMBio;Sistema de Autorização e Informação em Biodiversidade.;SISBIO-DIBIO;Vladimir Pavan Margarido;1020180;Nº Da Autorização/Licença Sisbio: 10522;14/01/2017;15/01/2017 a 27/01/2017;11/12/2011;Apareiodon;Sem Informações;Apareiodon;genus;4;Sem Informações;Chordata;Actinopterygii;Characiformes;Parodontidae;Apareiodon;Sem Informações;Espécie Ameaçada;Em Perigo;Rio Piquiri, Região Do Paiquerê;Brasil;PR;Nova Laranjeiras;Espécie não Sensível;-25.304717;-52.546389;Coordenada aproximada;Sem Informações;Depositado em coleção/museu
Sem Informações;ICMBio;Sistema de Autorização e Informação em Biodiversidade.;SISBIO-DIBIO;Vladimir Pavan Margarido;1020181;Nº Da Autorização/Licença Sisbio: 10522;14/01/2017;15/01/2017 a 27/01/2017;11/12/2011;Astyanax altiparanae;Lambari-tambiú;Astyanax altiparanae;species;4;Sem Informações;Chordata;Actinopterygii;Characiformes;Characidae;Astyanax;Astyanax altiparanae;Espécie não Ameaçada;Sem Informações;Rio Piquiri, Região Do Paiquerê;Brasil;PR;Nova Laranjeiras;Espécie não Sensível;-25.304717;-52.546389;Coordenada aproximada;Sem Informações;Depositado em coleção/museu
Sem Informações;ICMBio;Sistema de Autorização e Informação em Biodiversidade.;SISBIO-DIBIO;Vladimir Pavan Margarido;1020182;Nº Da Autorização/Licença Sisbio: 10522;14/01/2017;15/01/2017 a 27/01/2017;11/12/2011;Astyanax fasciatus;Lambari-do-rabo-vermelho;Astyanax fasciatus;species;4;Sem Informações;Chordata;Actinopterygii;Characiformes;Characidae;Astyanax;Astyanax fasciatus;Espécie não Ameaçada;Sem Informações;Rio Piquiri, Região Do Paiquerê;Brasil;PR;Nova Laranjeiras;Espécie não Sensível;-25.304717;-52.546389;Coordenada aproximada;Sem Informações;Depositado em coleção/museu
Sem Informações;ICMBio;Sistema de Autorização e Informação em Biodiversidade.;SISBIO-DIBIO;Vladimir Pavan Margarido;1020183;Nº Da Autorização/Licença Sisbio: 10522;14/01/2017;15/01/2017 a 27/01/2017;11/12/2011;Hypostomus strigaticeps;Cascudo-pintado;Hypostomus strigaticeps;species;1;Sem Informações;Chordata;Actinopterygii;Siluriformes;Loricariidae;Hypostomus;Hypostomus strigaticeps;Espécie não Ameaçada;Sem Informações;Rio Piquiri, Região Do Paiquerê;Brasil;PR;Nova Laranjeiras;Espécie não Sensível;-25.304717;-52.546389;Coordenada aproximada;Sem Informações;Depositado em coleção/museu
Sem Informações;ICMBio;Sistema de Autorização e Informação em Biodiversidade.;SISBIO-DIBIO;Vladimir Pavan Margarido;1020184;Nº Da Autorização/Licença Sisbio: 10522;14/01/2017;15/01/2017 a 27/01/2017;11/12/2011;Hypostomus paulinus;Cascudo;Hypostomus paulinus;species;1;Sem Informações;Chordata;Actinopterygii;Siluriformes;Loricariidae;Hypostomus;Hypostomus paulinus;Espécie não Ameaçada;Sem Informações;Rio Piquiri, Região Do Paiquerê;Brasil;PR;Nova Laranjeiras;Espécie não Sensível;-25.304717;-52.546389;Coordenada aproximada;Sem Informações;Depositado em coleção/museu
Sem Informações;ICMBio;Sistema de Autorização e Informação em Biodiversidade.;SISBIO-DIBIO;Renata Guimarães Moreira;1047160;Nº Da Autorização/Licença Sisbio: 48572, Projeto: Uso De Hormônios Gonadais Como Ferramenta Para O Estudo Da Biologia Reprodutiva De Elasmobrânquios Em Ambiente Natural;06/02/2017;07/02/2017 a 10/02/2017;15/05/2018;Sem Informações;Sem Informações;Dasyatis;Sem Informações;8;Sem Informações;Sem Informações;Sem Informações;Sem Informações;Sem Informações;Sem Informações;Sem Informações;Espécie Ameaçada;Criticamente em Perigo;Estuário De Paranaguá;Brasil;PR;Guaraquecaba;Espécie não Sensível;-25.5;-48.416667;Coordenada de referência da área amostrada;Sem Informações;Solto/mantido na natureza
Sem Informações;ICMBio;Sistema de Autorização e Informação em Biodiversidade.;SISBIO-DIBIO;Renata Guimarães Moreira;1047169;Nº Da Autorização/Licença Sisbio: 48572, Projeto: Uso De Hormônios Gonadais Como Ferramenta Para O Estudo Da Biologia Reprodutiva De Elasmobrânquios Em Ambiente Natural;06/02/2017;07/02/2017 a 10/02/2017;15/05/2018;Sem Informações;Sem Informações;Dasyatis;Sem Informações;16;Sem Informações;Sem Informações;Sem Informações;Sem Informações;Sem Informações;Sem Informações;Sem Informações;Espécie Ameaçada;Criticamente em Perigo;Estuário De Paranaguá;Brasil;PR;Guaraquecaba;Espécie não Sensível;-25.5;-48.416667;Coordenada de referência da área amostrada;Sem Informações;Solto/mantido na natureza
Sem Informações;ICMBio;Sistema de Autorização e Informação em Biodiversidade.;SISBIO-DIBIO;Fagner De Souza;1059924;Nº Da Autorização/Licença Sisbio: 33448, Projeto: Monitoramento De Comunidades De Peixes (Teleostei) Em Córregos Da Bacia Do Rio Paraná.;18/02/2017;19/02/2017 a 19/02/2017;29/04/2015;Poecilia reticulata;Sem Informações;Poecilia reticulata;species;50;Sem Informações;Chordata;Actinopterygii;Cyprinodontiformes;Poeciliidae;Poecilia;Poecilia reticulata;Espécie não Ameaçada;Sem Informações;Córregos E Riachos;Brasil;PR;Apucarana;Espécie não Sensível;-23.544167;-51.435278;Coordenada aproximada;Sem Informações;Destinado a laboratório
Sem Informações;ICMBio;Sistema de Autorização e Informação em Biodiversidade.;SISBIO-DIBIO;Fagner De Souza;1059925;Nº Da Autorização/Licença Sisbio: 33448, Projeto: Monitoramento De Comunidades De Peixes (Teleostei) Em Córregos Da Bacia Do Rio Paraná.;18/02/2017;19/02/2017 a 19/02/2017;29/04/2015;Poecilia reticulata;Sem Informações;Poecilia reticulata;species;61;Sem Informações;Chordata;Actinopterygii;Cyprinodontiformes;Poeciliidae;Poecilia;Poecilia reticulata;Espécie não Ameaçada;Sem Informações;Córregos E Riachos;Brasil;PR;Apucarana;Espécie não Sensível;-23.566667;-51.473889;Coordenada de referência da área amostrada;Sem Informações;Destinado a laboratório
Sem Informações;ICMBio;Sistema de Autorização e Informação em Biodiversidade.;SISBIO-DIBIO;Fagner De Souza;1059926;Nº Da Autorização/Licença Sisbio: 33448, Projeto: Monitoramento De Comunidades De Peixes (Teleostei) Em Córregos Da Bacia Do Rio Paraná.;18/02/2017;19/02/2017 a 19/02/2017;29/04/2015;Geophagus brasiliensis;Cará;Geophagus brasiliensis;species;1;Sem Informações;Chordata;Actinopterygii;Perciformes;Cichlidae;Geophagus;Geophagus brasiliensis;Espécie não Ameaçada;Sem Informações;Córregos E Riachos;Brasil;PR;Apucarana;Espécie não Sensível;-23.544167;-51.435278;Coordenada aproximada;Sem Informações;Destinado a laboratório
Sem Informações;ICMBio;Sistema de Autorização e Informação em Biodiversidade.;SISBIO-DIBIO;Fagner De Souza;1059927;Nº Da Autorização/Licença Sisbio: 33448, Projeto: Monitoramento De Comunidades De Peixes (Teleostei) Em Córregos Da Bacia Do Rio Paraná.;18/02/2017;19/02/2017 a 19/02/2017;29/04/2015;Geophagus brasiliensis;Cará;Geophagus brasiliensis;species;2;Sem Informações;Chordata;Actinopterygii;Perciformes;Cichlidae;Geophagus;Geophagus brasiliensis;Espécie não Ameaçada;Sem Informações;Córregos E Riachos;Brasil;PR;Apucarana;Espécie não Sensível;-23.566667;-51.473889;Coordenada de referência da área amostrada;Sem Informações;Destinado a laboratório
Sem Informações;ICMBio;Sistema de Autorização e Informação em Biodiversidade.;SISBIO-DIBIO;Fagner De Souza;1059928;Nº Da Autorização/Licença Sisbio: 33448, Projeto: Monitoramento De Comunidades De Peixes (Teleostei) Em Córregos Da Bacia Do Rio Paraná.;18/02/2017;19/02/2017 a 19/02/2017;29/04/2015;Phalloceros harpagos;Barrigudinho;Phalloceros harpagos;species;40;Sem Informações;Chordata;Actinopterygii;Cyprinodontiformes;Poeciliidae;Phalloceros;Phalloceros harpagos;Espécie não Ameaçada;Sem Informações;Córregos E Riachos;Brasil;PR;Apucarana;Espécie não Sensível;-23.566667;-51.473889;Coordenada de referência da área amostrada;Sem Informações;Destinado a laboratório
Sem Informações;ICMBio;Sistema de Autorização e Informação em Biodiversidade.;SISBIO-DIBIO;Fagner De Souza;1059929;Nº Da Autorização/Licença Sisbio: 33448, Projeto: Monitoramento De Comunidades De Peixes (Teleostei) Em Córregos Da Bacia Do Rio Paraná.;18/02/2017;19/02/2017 a 19/02/2017;29/04/2015;Hypostomus ancistroides;Cascudo;Hypostomus ancistroides;species;9;Sem Informações;Chordata;Actinopterygii;Siluriformes;Loricariidae;Hypostomus;Hypostomus ancistroides;Espécie não Ameaçada;Sem Informações;Córregos E Riachos;Brasil;PR;Apucarana;Espécie não Sensível;-23.544167;-51.435278;Coordenada aproximada;Sem Informações;Destinado a laboratório
Sem Informações;ICMBio;Sistema de Autorização e Informação em Biodiversidade.;SISBIO-DIBIO;Alexandre Vogliotti;1061688;Nº Da Autorização/Licença Sisbio: 38531;28/05/2017;29/05/2017 a 02/06/2017;23/06/2016;Bryophyta;Sem Informações;Bryophyta;phylum;200;Sem Informações;Bryophyta;Sem Informações;Sem Informações;Sem Informações;Sem Informações;Sem Informações;Espécie não Ameaçada;Sem Informações;Parque Nacional Do Iguaçu;Brasil;PR;Sem Informações;Espécie não Sensível;-25.627056;-54.461031;Coordenada aproximada;Sem Informações;Solto/mantido na natureza
Sem Informações;ICMBio;Sistema de Autorização e Informação em Biodiversidade.;SISBIO-DIBIO;Alexandre Vogliotti;1061689;Nº Da Autorização/Licença Sisbio: 38531;28/05/2017;29/05/2017 a 02/06/2017;23/06/2016;Pteridophyta;Sem Informações;Pteridophyta;phylum;200;Sem Informações;Pteridophyta;Sem Informações;Sem Informações;Sem Informações;Sem Informações;Sem Informações;Espécie não Ameaçada;Sem Informações;Parque Nacional Do Iguaçu;Brasil;PR;Sem Informações;Espécie não Sensível;-25.627056;-54.461031;Coordenada aproximada;Sem Informações;Solto/mantido na natureza
Sem Informações;ICMBio;Sistema de Autorização e Informação em Biodiversidade.;SISBIO-DIBIO;Alexandre Vogliotti;1061690;Nº Da Autorização/Licença Sisbio: 38531;28/05/2017;29/05/2017 a 02/06/2017;23/06/2016;Not assigned;Sem Informações;Not assigned;family;30;Sem Informações;Chordata;Ascidiacea;Enterogona;Not assigned;Sem Informações;Sem Informações;Espécie não Ameaçada;Sem Informações;Parque Nacional Do Iguaçu;Brasil;PR;Sem Informações;Espécie não Sensível;-25.629764;-54.463347;Coordenada aproximada;Sem Informações;Solto/mantido na natureza
Sem Informações;ICMBio;Sistema de Autorização e Informação em Biodiversidade.;SISBIO-DIBIO;Leonardo Biral Dos Santos;1077384;Nº Da Autorização/Licença Sisbio: 56411;21/06/2017;22/06/2017 a 22/06/2017;06/07/2017;Aspleniaceae;Sem Informações;Aspleniaceae;family;1;Sem Informações;Pteridophyta;Filicopsida;Polypodiales;Aspleniaceae;Sem Informações;Sem Informações;Espécie não Ameaçada;Sem Informações;Parque Nacional Do Iguaçu;Brasil;PR;Sem Informações;Espécie não Sensível;-25.15;-53.833333;Coordenada aproximada;Sem Informações;Depositado em banco de amostras biológicas
Sem Informações;ICMBio;Sistema de Autorização e Informação em Biodiversidade.;SISBIO-DIBIO;Leonardo Biral Dos Santos;1077386;Nº Da Autorização/Licença Sisbio: 56411;21/06/2017;22/06/2017 a 22/06/2017;06/07/2017;Peperomia;Sem Informações;Peperomia;genus;1;Sem Informações;Magnoliophyta;Magnoliopsida;Piperales;Piperaceae;Peperomia;Sem Informações;Espécie Ameaçada;Vulnerável;Parque Nacional Do Iguaçu;Brasil;PR;Sem Informações;Espécie não Sensível;-25.15;-53.833331;Coordenada aproximada;Sem Informações;Depositado em banco de amostras biológicas
Sem Informações;ICMBio;Sistema de Autorização e Informação em Biodiversidade.;SISBIO-DIBIO;Leonardo Biral Dos Santos;1077387;Nº Da Autorização/Licença Sisbio: 56411;21/06/2017;22/06/2017 a 22/06/2017;06/07/2017;Peperomia;Sem Informações;Peperomia;genus;2;Sem Informações;Magnoliophyta;Magnoliopsida;Piperales;Piperaceae;Peperomia;Sem Informações;Espécie Ameaçada;Vulnerável;Parque Nacional Do Iguaçu;Brasil;PR;Sem Informações;Espécie não Sensível;-25.15;-53.833331;Coordenada aproximada;Sem Informações;Depositado em banco de amostras biológicas
Sem Informações;ICMBio;Sistema de Autorização e Informação em Biodiversidade.;SISBIO-DIBIO;Leonardo Biral Dos Santos;1077389;Nº Da Autorização/Licença Sisbio: 56411;21/06/2017;22/06/2017 a 22/06/2017;06/07/2017;Pecluma;Sem Informações;Pecluma;genus;2;Sem Informações;Pteridophyta;Filicopsida;Polypodiales;Polypodiaceae;Pecluma;Sem Informações;Espécie Ameaçada;Criticamente em Perigo;Parque Nacional Do Iguaçu;Brasil;PR;Sem Informações;Espécie não Sensível;-25.15;-53.833331;Coordenada aproximada;Sem Informações;Depositado em banco de amostras biológicas
Sem Informações;ICMBio;Sistema de Autorização e Informação em Biodiversidade.;SISBIO-DIBIO;Leonardo Biral Dos Santos;1077390;Nº Da Autorização/Licença Sisbio: 56411;21/06/2017;22/06/2017 a 22/06/2017;06/07/2017;Solanum;Sem Informações;Solanum;genus;3;Sem Informações;Magnoliophyta;Magnoliopsida;Solanales;Solanaceae;Solanum;Sem Informações;Espécie Ameaçada;Em Perigo;Parque Nacional Do Iguaçu;Brasil;PR;Sem Informações;Espécie não Sensível;-25.15;-53.833331;Coordenada aproximada;Sem Informações;Depositado em banco de amostras biológicas
Sem Informações;ICMBio;Sistema de Autorização e Informação em Biodiversidade.;SISBIO-DIBIO;Leonardo Biral Dos Santos;1077393;Nº Da Autorização/Licença Sisbio: 56411;21/06/2017;22/06/2017 a 22/06/2017;06/07/2017;Piper;Sem Informações;Piper;genus;3;Sem Informações;Magnoliophyta;Magnoliopsida;Piperales;Piperaceae;Piper;Sem Informações;Espécie Ameaçada;Em Perigo;Parque Nacional Do Iguaçu;Brasil;PR;Sem Informações;Espécie não Sensível;-25.15;-53.833331;Coordenada aproximada;Sem Informações;Depositado em banco de amostras biológicas
Sem Informações;ICMBio;Sistema de Autorização e Informação em Biodiversidade.;SISBIO-DIBIO;Leonardo Biral Dos Santos;1077395;Nº Da Autorização/Licença Sisbio: 56411;21/06/2017;22/06/2017 a 22/06/2017;06/07/2017;Ixora venulosa;Sem Informações;Ixora venulosa;species;5;Sem Informações;Magnoliophyta;Magnoliopsida;Rubiales;Rubiaceae;Ixora;Ixora venulosa;Espécie não Ameaçada;Sem Informações;Parque Nacional Do Iguaçu;Brasil;PR;Sem Informações;Espécie não Sensível;-25.15;-53.833331;Coordenada aproximada;Sem Informações;Depositado em banco de amostras biológicas
Sem Informações;ICMBio;Sistema de Autorização e Informação em Biodiversidade.;SISBIO-DIBIO;Leonardo Biral Dos Santos;1077396;Nº Da Autorização/Licença Sisbio: 56411;21/06/2017;22/06/2017 a 22/06/2017;06/07/2017;Bernardia pulchella;Sem Informações;Bernardia pulchella;species;5;Sem Informações;Magnoliophyta;Magnoliopsida;Malpighiales;Euphorbiaceae;Bernardia;Bernardia pulchella;Espécie não Ameaçada;Sem Informações;Parque Nacional Do Iguaçu;Brasil;PR;Sem Informações;Espécie não Sensível;-25.15;-53.833331;Coordenada aproximada;Sem Informações;Depositado em banco de amostras biológicas
Sem Informações;ICMBio;Sistema de Autorização e Informação em Biodiversidade.;SISBIO-DIBIO;Leonardo Biral Dos Santos;1077397;Nº Da Autorização/Licença Sisbio: 56411;21/06/2017;22/06/2017 a 22/06/2017;06/07/2017;Ctenanthe muelleri;Sem Informações;Ctenanthe muelleri;species;1;Sem Informações;Magnoliophyta;Liliopsida;Zingiberales;Marantaceae;Ctenanthe;Ctenanthe muelleri;Espécie não Ameaçada;Sem Informações;Parque Nacional Do Iguaçu;Brasil;PR;Sem Informações;Espécie não Sensível;-25.15;-53.833331;Coordenada aproximada;Sem Informações;Depositado em banco de amostras biológicas
Sem Informações;ICMBio;Sistema de Autorização e Informação em Biodiversidade.;SISBIO-DIBIO;Leonardo Biral Dos Santos;1077398;Nº Da Autorização/Licença Sisbio: 56411;21/06/2017;22/06/2017 a 22/06/2017;06/07/2017;Asplenium;Sem Informações;Asplenium scandicinum;genus;2;Sem Informações;Pteridophyta;Filicopsida;Polypodiales;Aspleniaceae;Asplenium;Sem Informações;Espécie Ameaçada;Criticamente em Perigo;Parque Nacional Do Iguaçu;Brasil;PR;Sem Informações;Espécie não Sensível;-25.15;-53.833331;Coordenada aproximada;Sem Informações;Depositado em banco de amostras biológicas
Sem Informações;ICMBio;Sistema de Autorização e Informação em Biodiversidade.;SISBIO-DIBIO;Rodolfo Corrêa De Barros;1095727;Nº Da Autorização/Licença Sisbio: 55291, Projeto: Biodiversidade Local De Tardígrados (Billateria, Tardigrada) Em Floresta Ombrófila Mista;07/04/2017;08/04/2017 a 08/04/2017;19/08/2017;Macrobiotus areolatus;Sem Informações;Macrobiotus areolatus;species;1;Sem Informações;Tardigrada;Eutardigrada;Parachela;Macrobiotidae;Macrobiotus;Macrobiotus areolatus;Espécie não Ameaçada;Sem Informações;Remanescente Fom, Centro Volvo Ambiental;Brasil;PR;Curitiba;Espécie não Sensível;-25.455;-49.365;Coordenada de referência da área amostrada;Sem Informações;Será destinado posteriormente
Sem Informações;ICMBio;Sistema de Autorização e Informação em Biodiversidade.;SISBIO-DIBIO;Carlos Guilherme Costa Mielke;1102421;Nº Da Autorização/Licença Sisbio: 11044, Projeto: Contribuição Ao Estudo Taxonômico, Sistemático E Biogeográfico De Lepidoptera Brasileiros (Insecta).;11/07/2017;12/07/2017 a 13/07/2017;18/10/2016;Lepidoptera;Sem Informações;Lepidoptera;order;18;Sem Informações;Arthropoda;Insecta;Lepidoptera;Sem Informações;Sem Informações;Sem Informações;Espécie não Ameaçada;Sem Informações;Apa De Guaratuba;Brasil;PR;Guaratuba;Espécie não Sensível;-25.840378;-48.940314;Coordenada exata da ocorrência;Sem Informações;Depositado em coleção/museu
Sem Informações;ICMBio;Sistema de Autorização e Informação em Biodiversidade.;SISBIO-DIBIO;Susete Do Rocio Chiarello Penteado;1103261;Nº Da Autorização/Licença Sisbio: 55313, Projeto: Ocorrência E Dinâmica Populacional Da Mirmecofauna  Na Região Do Reservatório Da Itaipu Binacional Em Função De Diferentes Estágios De Recuperação Da Área De Preservação Permanente;08/01/2017;09/01/2017 a 11/01/2017;12/09/2019;Sem Informações;Sem Informações;Cephalotes;Sem Informações;1;Sem Informações;Sem Informações;Sem Informações;Sem Informações;Sem Informações;Sem Informações;Sem Informações;Espécie não Ameaçada;Sem Informações;Faixa De Proteção Do Entorno Do Reservatório De Itaipu;Brasil;PR;Sao Miguel Do Iguacu;Espécie não Sensível;-25.37;-54.399167;Coordenada aproximada;Sem Informações;Será destinado posteriormente
Sem Informações;ICMBio;Sistema de Autorização e Informação em Biodiversidade.;SISBIO-DIBIO;Susete Do Rocio Chiarello Penteado;1103262;Nº Da Autorização/Licença Sisbio: 55313, Projeto: Ocorrência E Dinâmica Populacional Da Mirmecofauna  Na Região Do Reservatório Da Itaipu Binacional Em Função De Diferentes Estágios De Recuperação Da Área De Preservação Permanente;08/01/2017;09/01/2017 a 11/01/2017;12/09/2019;Myrmicocrypta;Sem Informações;Myrmicocrypta;genus;1;Sem Informações;Arthropoda;Insecta;Hymenoptera;Formicidae;Myrmicocrypta;Sem Informações;Espécie não Ameaçada;Sem Informações;Faixa De Proteção Do Entorno Do Reservatório De Itaipu;Brasil;PR;Sao Miguel Do Iguacu;Espécie não Sensível;-25.37;-54.399167;Coordenada aproximada;Sem Informações;Será destinado posteriormente
Sem Informações;ICMBio;Sistema de Autorização e Informação em Biodiversidade.;SISBIO-DIBIO;Susete Do Rocio Chiarello Penteado;1103263;Nº Da Autorização/Licença Sisbio: 55313, Projeto: Ocorrência E Dinâmica Populacional Da Mirmecofauna  Na Região Do Reservatório Da Itaipu Binacional Em Função De Diferentes Estágios De Recuperação Da Área De Preservação Permanente;08/01/2017;09/01/2017 a 11/01/2017;12/09/2019;Hypoponera;Sem Informações;Hypoponera;genus;1;Sem Informações;Arthropoda;Insecta;Hymenoptera;Formicidae;Hypoponera;Sem Informações;Espécie não Ameaçada;Sem Informações;Faixa De Proteção Do Entorno Do Reservatório De Itaipu;Brasil;PR;Sao Miguel Do Iguacu;Espécie não Sensível;-25.37;-54.399167;Coordenada aproximada;Sem Informações;Será destinado posteriormente
Sem Informações;ICMBio;Sistema de Autorização e Informação em Biodiversidade.;SISBIO-DIBIO;Susete Do Rocio Chiarello Penteado;1103264;Nº Da Autorização/Licença Sisbio: 55313, Projeto: Ocorrência E Dinâmica Populacional Da Mirmecofauna  Na Região Do Reservatório Da Itaipu Binacional Em Função De Diferentes Estágios De Recuperação Da Área De Preservação Permanente;08/01/2017;09/01/2017 a 11/01/2017;12/09/2019;Sem Informações;Sem Informações;Dolichoderus;Sem Informações;1;Sem Informações;Sem Informações;Sem Informações;Sem Informações;Sem Informações;Sem Informações;Sem Informações;Espécie não Ameaçada;Sem Informações;Faixa De Proteção Do Entorno Do Reservatório De Itaipu;Brasil;PR;Sao Miguel Do Iguacu;Espécie não Sensível;-25.385556;-54.330556;Coordenada aproximada;Sem Informações;Será destinado posteriormente
Sem Informações;ICMBio;Sistema de Autorização e Informação em Biodiversidade.;SISBIO-DIBIO;Susete Do Rocio Chiarello Penteado;1103265;Nº Da Autorização/Licença Sisbio: 55313, Projeto: Ocorrência E Dinâmica Populacional Da Mirmecofauna  Na Região Do Reservatório Da Itaipu Binacional Em Função De Diferentes Estágios De Recuperação Da Área De Preservação Permanente;08/01/2017;09/01/2017 a 11/01/2017;12/09/2019;Dorymyrmex;Sem Informações;Dorymyrmex;genus;1;Sem Informações;Arthropoda;Insecta;Hymenoptera;Formicidae;Dorymyrmex;Sem Informações;Espécie não Ameaçada;Sem Informações;Faixa De Proteção Do Entorno Do Reservatório De Itaipu;Brasil;PR;Sao Miguel Do Iguacu;Espécie não Sensível;-25.385556;-54.330556;Coordenada aproximada;Sem Informações;Será destinado posteriormente
Sem Informações;ICMBio;Sistema de Autorização e Informação em Biodiversidade.;SISBIO-DIBIO;Susete Do Rocio Chiarello Penteado;1103266;Nº Da Autorização/Licença Sisbio: 55313, Projeto: Ocorrência E Dinâmica Populacional Da Mirmecofauna  Na Região Do Reservatório Da Itaipu Binacional Em Função De Diferentes Estágios De Recuperação Da Área De Preservação Permanente;08/01/2017;09/01/2017 a 11/01/2017;12/09/2019;Acanthostichus;Sem Informações;Acanthostichus;genus;1;Sem Informações;Arthropoda;Insecta;Hymenoptera;Formicidae;Acanthostichus;Sem Informações;Espécie não Ameaçada;Sem Informações;Faixa De Proteção Do Entorno Do Reservatório De Itaipu;Brasil;PR;Sao Miguel Do Iguacu;Espécie não Sensível;-25.385556;-54.330556;Coordenada aproximada;Sem Informações;Será destinado posteriormente
Sem Informações;ICMBio;Sistema de Autorização e Informação em Biodiversidade.;SISBIO-DIBIO;Susete Do Rocio Chiarello Penteado;1103267;Nº Da Autorização/Licença Sisbio: 55313, Projeto: Ocorrência E Dinâmica Populacional Da Mirmecofauna  Na Região Do Reservatório Da Itaipu Binacional Em Função De Diferentes Estágios De Recuperação Da Área De Preservação Permanente;08/01/2017;09/01/2017 a 11/01/2017;12/09/2019;Camponotus;Sem Informações;Camponotus;genus;1;Sem Informações;Arthropoda;Insecta;Hymenoptera;Formicidae;Camponotus;Sem Informações;Espécie não Ameaçada;Sem Informações;Faixa De Proteção Do Entorno Do Reservatório De Itaipu;Brasil;PR;Sao Miguel Do Iguacu;Espécie não Sensível;-25.385556;-54.330556;Coordenada aproximada;Sem Informações;Será destinado posteriormente
Sem Informações;ICMBio;Sistema de Autorização e Informação em Biodiversidade.;SISBIO-DIBIO;Susete Do Rocio Chiarello Penteado;1103268;Nº Da Autorização/Licença Sisbio: 55313, Projeto: Ocorrência E Dinâmica Populacional Da Mirmecofauna  Na Região Do Reservatório Da Itaipu Binacional Em Função De Diferentes Estágios De Recuperação Da Área De Preservação Permanente;08/01/2017;09/01/2017 a 11/01/2017;12/09/2019;Acromyrmex subterraneus;Sem Informações;Acromyrmex subterraneus;species;1;Sem Informações;Arthropoda;Insecta;Hymenoptera;Formicidae;Acromyrmex;Acromyrmex subterraneus;Espécie não Ameaçada;Sem Informações;Faixa De Proteção Do Entorno Do Reservatório De Itaipu;Brasil;PR;Sao Miguel Do Iguacu;Espécie não Sensível;-25.385556;-54.330556;Coordenada aproximada;Sem Informações;Será destinado posteriormente
Sem Informações;ICMBio;Sistema de Autorização e Informação em Biodiversidade.;SISBIO-DIBIO;Susete Do Rocio Chiarello Penteado;1103269;Nº Da Autorização/Licença Sisbio: 55313, Projeto: Ocorrência E Dinâmica Populacional Da Mirmecofauna  Na Região Do Reservatório Da Itaipu Binacional Em Função De Diferentes Estágios De Recuperação Da Área De Preservação Permanente;08/01/2017;09/01/2017 a 11/01/2017;12/09/2019;Linepithema;Sem Informações;Linepithema;genus;1;Sem Informações;Arthropoda;Insecta;Hymenoptera;Formicidae;Linepithema;Sem Informações;Espécie não Ameaçada;Sem Informações;Faixa De Proteção Do Entorno Do Reservatório De Itaipu;Brasil;PR;Foz Do Iguacu;Espécie não Sensível;-25.248333;-54.446944;Coordenada aproximada;Sem Informações;Será destinado posteriormente
Sem Informações;ICMBio;Sistema de Autorização e Informação em Biodiversidade.;SISBIO-DIBIO;Susete Do Rocio Chiarello Penteado;1103270;Nº Da Autorização/Licença Sisbio: 55313, Projeto: Ocorrência E Dinâmica Populacional Da Mirmecofauna  Na Região Do Reservatório Da Itaipu Binacional Em Função De Diferentes Estágios De Recuperação Da Área De Preservação Permanente;08/01/2017;09/01/2017 a 11/01/2017;12/09/2019;Brachymyrmex;Sem Informações;Brachymyrmex;genus;1;Sem Informações;Arthropoda;Insecta;Hymenoptera;Formicidae;Brachymyrmex;Sem Informações;Espécie Ameaçada;Em Perigo;Faixa De Proteção Do Entorno Do Reservatório De Itaipu;Brasil;PR;Foz Do Iguacu;Espécie não Sensível;-25.248333;-54.446944;Coordenada aproximada;Sem Informações;Será destinado posteriormente
Sem Informações;ICMBio;Sistema de Autorização e Informação em Biodiversidade.;SISBIO-DIBIO;Susete Do Rocio Chiarello Penteado;1103271;Nº Da Autorização/Licença Sisbio: 55313, Projeto: Ocorrência E Dinâmica Populacional Da Mirmecofauna  Na Região Do Reservatório Da Itaipu Binacional Em Função De Diferentes Estágios De Recuperação Da Área De Preservação Permanente;08/01/2017;09/01/2017 a 11/01/2017;12/09/2019;Sem Informações;Sem Informações;Carebara;Sem Informações;1;Sem Informações;Sem Informações;Sem Informações;Sem Informações;Sem Informações;Sem Informações;Sem Informações;Espécie não Ameaçada;Sem Informações;Faixa De Proteção Do Entorno Do Reservatório De Itaipu;Brasil;PR;Foz Do Iguacu;Espécie não Sensível;-25.248333;-54.446944;Coordenada aproximada;Sem Informações;Será destinado posteriormente
Sem Informações;ICMBio;Sistema de Autorização e Informação em Biodiversidade.;SISBIO-DIBIO;Susete Do Rocio Chiarello Penteado;1103272;Nº Da Autorização/Licença Sisbio: 55313, Projeto: Ocorrência E Dinâmica Populacional Da Mirmecofauna  Na Região Do Reservatório Da Itaipu Binacional Em Função De Diferentes Estágios De Recuperação Da Área De Preservação Permanente;08/01/2017;09/01/2017 a 11/01/2017;12/09/2019;Cyphomyrmex;Sem Informações;Cyphomyrmex;genus;1;Sem Informações;Arthropoda;Insecta;Hymenoptera;Formicidae;Cyphomyrmex;Sem Informações;Espécie não Ameaçada;Sem Informações;Faixa De Proteção Do Entorno Do Reservatório De Itaipu;Brasil;PR;Foz Do Iguacu;Espécie não Sensível;-25.248333;-54.446944;Coordenada aproximada;Sem Informações;Será destinado posteriormente
Sem Informações;ICMBio;Sistema de Autorização e Informação em Biodiversidade.;SISBIO-DIBIO;Susete Do Rocio Chiarello Penteado;1103273;Nº Da Autorização/Licença Sisbio: 55313, Projeto: Ocorrência E Dinâmica Populacional Da Mirmecofauna  Na Região Do Reservatório Da Itaipu Binacional Em Função De Diferentes Estágios De Recuperação Da Área De Preservação Permanente;08/01/2017;09/01/2017 a 11/01/2017;12/09/2019;Mycocepurus;Sem Informações;Mycocepurus;genus;1;Sem Informações;Arthropoda;Insecta;Hymenoptera;Formicidae;Mycocepurus;Sem Informações;Espécie não Ameaçada;Sem Informações;Faixa De Proteção Do Entorno Do Reservatório De Itaipu;Brasil;PR;Foz Do Iguacu;Espécie não Sensível;-25.248333;-54.446944;Coordenada aproximada;Sem Informações;Será destinado posteriormente
Sem Informações;ICMBio;Sistema de Autorização e Informação em Biodiversidade.;SISBIO-DIBIO;Susete Do Rocio Chiarello Penteado;1103274;Nº Da Autorização/Licença Sisbio: 55313, Projeto: Ocorrência E Dinâmica Populacional Da Mirmecofauna  Na Região Do Reservatório Da Itaipu Binacional Em Função De Diferentes Estágios De Recuperação Da Área De Preservação Permanente;08/01/2017;09/01/2017 a 11/01/2017;12/09/2019;Sem Informações;Sem Informações;Solenopsis;Sem Informações;1;Sem Informações;Sem Informações;Sem Informações;Sem Informações;Sem Informações;Sem Informações;Sem Informações;Espécie não Ameaçada;Sem Informações;Faixa De Proteção Do Entorno Do Reservatório De Itaipu;Brasil;PR;Foz Do Iguacu;Espécie não Sensível;-25.248333;-54.446944;Coordenada aproximada;Sem Informações;Será destinado posteriormente
Sem Informações;ICMBio;Sistema de Autorização e Informação em Biodiversidade.;SISBIO-DIBIO;Susete Do Rocio Chiarello Penteado;1103275;Nº Da Autorização/Licença Sisbio: 55313, Projeto: Ocorrência E Dinâmica Populacional Da Mirmecofauna  Na Região Do Reservatório Da Itaipu Binacional Em Função De Diferentes Estágios De Recuperação Da Área De Preservação Permanente;08/01/2017;09/01/2017 a 11/01/2017;12/09/2019;Wasmannia;Sem Informações;Wasmannia;genus;1;Sem Informações;Arthropoda;Insecta;Hymenoptera;Formicidae;Wasmannia;Sem Informações;Espécie não Ameaçada;Sem Informações;Faixa De Proteção Do Entorno Do Reservatório De Itaipu;Brasil;PR;Foz Do Iguacu;Espécie não Sensível;-25.248333;-54.446944;Coordenada aproximada;Sem Informações;Será destinado posteriormente
Sem Informações;ICMBio;Sistema de Autorização e Informação em Biodiversidade.;SISBIO-DIBIO;Susete Do Rocio Chiarello Penteado;1103276;Nº Da Autorização/Licença Sisbio: 55313, Projeto: Ocorrência E Dinâmica Populacional Da Mirmecofauna  Na Região Do Reservatório Da Itaipu Binacional Em Função De Diferentes Estágios De Recuperação Da Área De Preservação Permanente;08/01/2017;09/01/2017 a 11/01/2017;12/09/2019;Pachycondyla;Sem Informações;Pachycondyla;genus;1;Sem Informações;Arthropoda;Insecta;Hymenoptera;Formicidae;Pachycondyla;Sem Informações;Espécie não Ameaçada;Sem Informações;Faixa De Proteção Do Entorno Do Reservatório De Itaipu;Brasil;PR;Foz Do Iguacu;Espécie não Sensível;-25.248333;-54.446944;Coordenada aproximada;Sem Informações;Será destinado posteriormente
Sem Informações;ICMBio;Sistema de Autorização e Informação em Biodiversidade.;SISBIO-DIBIO;Susete Do Rocio Chiarello Penteado;1103277;Nº Da Autorização/Licença Sisbio: 55313, Projeto: Ocorrência E Dinâmica Populacional Da Mirmecofauna  Na Região Do Reservatório Da Itaipu Binacional Em Função De Diferentes Estágios De Recuperação Da Área De Preservação Permanente;08/01/2017;09/01/2017 a 11/01/2017;12/09/2019;Apterostigma;Sem Informações;Apterostigma;genus;1;Sem Informações;Arthropoda;Insecta;Hymenoptera;Formicidae;Apterostigma;Sem Informações;Espécie não Ameaçada;Sem Informações;Faixa De Proteção Do Entorno Do Reservatório De Itaipu;Brasil;PR;Foz Do Iguacu;Espécie não Sensível;-25.245278;-54.432222;Coordenada aproximada;Sem Informações;Será destinado posteriormente
Sem Informações;ICMBio;Sistema de Autorização e Informação em Biodiversidade.;SISBIO-DIBIO;Susete Do Rocio Chiarello Penteado;1103278;Nº Da Autorização/Licença Sisbio: 55313, Projeto: Ocorrência E Dinâmica Populacional Da Mirmecofauna  Na Região Do Reservatório Da Itaipu Binacional Em Função De Diferentes Estágios De Recuperação Da Área De Preservação Permanente;08/01/2017;09/01/2017 a 11/01/2017;12/09/2019;Megalomyrmex;Sem Informações;Megalomyrmex;genus;1;Sem Informações;Arthropoda;Insecta;Hymenoptera;Formicidae;Megalomyrmex;Sem Informações;Espécie não Ameaçada;Sem Informações;Faixa De Proteção Do Entorno Do Reservatório De Itaipu;Brasil;PR;Foz Do Iguacu;Espécie não Sensível;-25.245278;-54.432222;Coordenada aproximada;Sem Informações;Será destinado posteriormente
Sem Informações;ICMBio;Sistema de Autorização e Informação em Biodiversidade.;SISBIO-DIBIO;Susete Do Rocio Chiarello Penteado;1103279;Nº Da Autorização/Licença Sisbio: 55313, Projeto: Ocorrência E Dinâmica Populacional Da Mirmecofauna  Na Região Do Reservatório Da Itaipu Binacional Em Função De Diferentes Estágios De Recuperação Da Área De Preservação Permanente;08/01/2017;09/01/2017 a 11/01/2017;12/09/2019;Octostruma;Sem Informações;Octostruma;genus;1;Sem Informações;Arthropoda;Insecta;Hymenoptera;Formicidae;Octostruma;Sem Informações;Espécie não Ameaçada;Sem Informações;Faixa De Proteção Do Entorno Do Reservatório De Itaipu;Brasil;PR;Foz Do Iguacu;Espécie não Sensível;-25.245278;-54.432222;Coordenada aproximada;Sem Informações;Será destinado posteriormente
Sem Informações;ICMBio;Sistema de Autorização e Informação em Biodiversidade.;SISBIO-DIBIO;Susete Do Rocio Chiarello Penteado;1103280;Nº Da Autorização/Licença Sisbio: 55313, Projeto: Ocorrência E Dinâmica Populacional Da Mirmecofauna  Na Região Do Reservatório Da Itaipu Binacional Em Função De Diferentes Estágios De Recuperação Da Área De Preservação Permanente;08/01/2017;09/01/2017 a 11/01/2017;12/09/2019;Pheidole;Sem Informações;Pheidole;genus;1;Sem Informações;Arthropoda;Insecta;Hymenoptera;Formicidae;Pheidole;Sem Informações;Espécie não Ameaçada;Sem Informações;Faixa De Proteção Do Entorno Do Reservatório De Itaipu;Brasil;PR;Foz Do Iguacu;Espécie não Sensível;-25.245278;-54.432222;Coordenada aproximada;Sem Informações;Será destinado posteriormente
Sem Informações;ICMBio;Sistema de Autorização e Informação em Biodiversidade.;SISBIO-DIBIO;Susete Do Rocio Chiarello Penteado;1103281;Nº Da Autorização/Licença Sisbio: 55313, Projeto: Ocorrência E Dinâmica Populacional Da Mirmecofauna  Na Região Do Reservatório Da Itaipu Binacional Em Função De Diferentes Estágios De Recuperação Da Área De Preservação Permanente;08/01/2017;09/01/2017 a 11/01/2017;12/09/2019;Atta sexdens;Sem Informações;Atta sexdens;species;1;Sem Informações;Arthropoda;Insecta;Hymenoptera;Formicidae;Atta;Atta sexdens;Espécie não Ameaçada;Sem Informações;Faixa De Proteção Do Entorno Do Reservatório De Itaipu;Brasil;PR;Foz Do Iguacu;Espécie não Sensível;-25.274167;-54.450278;Coordenada aproximada;Sem Informações;Será destinado posteriormente
Sem Informações;ICMBio;Sistema de Autorização e Informação em Biodiversidade.;SISBIO-DIBIO;Susete Do Rocio Chiarello Penteado;1103282;Nº Da Autorização/Licença Sisbio: 55313, Projeto: Ocorrência E Dinâmica Populacional Da Mirmecofauna  Na Região Do Reservatório Da Itaipu Binacional Em Função De Diferentes Estágios De Recuperação Da Área De Preservação Permanente;08/01/2017;09/01/2017 a 11/01/2017;12/09/2019;Crematogaster;Sem Informações;Crematogaster;genus;1;Sem Informações;Arthropoda;Insecta;Hymenoptera;Formicidae;Crematogaster;Sem Informações;Espécie não Ameaçada;Sem Informações;Faixa De Proteção Do Entorno Do Reservatório De Itaipu;Brasil;PR;Foz Do Iguacu;Espécie não Sensível;-25.274167;-54.450278;Coordenada aproximada;Sem Informações;Será destinado posteriormente
Sem Informações;ICMBio;Sistema de Autorização e Informação em Biodiversidade.;SISBIO-DIBIO;Susete Do Rocio Chiarello Penteado;1103283;Nº Da Autorização/Licença Sisbio: 55313, Projeto: Ocorrência E Dinâmica Populacional Da Mirmecofauna  Na Região Do Reservatório Da Itaipu Binacional Em Função De Diferentes Estágios De Recuperação Da Área De Preservação Permanente;08/01/2017;09/01/2017 a 11/01/2017;12/09/2019;Trachymyrmex;Sem Informações;Trachymyrmex;genus;1;Sem Informações;Arthropoda;Insecta;Hymenoptera;Formicidae;Trachymyrmex;Sem Informações;Espécie Ameaçada;Vulnerável;Faixa De Proteção Do Entorno Do Reservatório De Itaipu;Brasil;PR;Foz Do Iguacu;Espécie não Sensível;-25.274167;-54.450278;Coordenada aproximada;Sem Informações;Será destinado posteriormente
Sem Informações;ICMBio;Sistema de Autorização e Informação em Biodiversidade.;SISBIO-DIBIO;Susete Do Rocio Chiarello Penteado;1103284;Nº Da Autorização/Licença Sisbio: 55313, Projeto: Ocorrência E Dinâmica Populacional Da Mirmecofauna  Na Região Do Reservatório Da Itaipu Binacional Em Função De Diferentes Estágios De Recuperação Da Área De Preservação Permanente;08/01/2017;09/01/2017 a 11/01/2017;12/09/2019;Anochetus;Sem Informações;Anochetus;genus;1;Sem Informações;Arthropoda;Insecta;Hymenoptera;Formicidae;Anochetus;Sem Informações;Espécie Ameaçada;Vulnerável;Faixa De Proteção Do Entorno Do Reservatório De Itaipu;Brasil;PR;Foz Do Iguacu;Espécie não Sensível;-25.274167;-54.450278;Coordenada aproximada;Sem Informações;Será destinado posteriormente
Sem Informações;ICMBio;Sistema de Autorização e Informação em Biodiversidade.;SISBIO-DIBIO;Susete Do Rocio Chiarello Penteado;1103285;Nº Da Autorização/Licença Sisbio: 55313, Projeto: Ocorrência E Dinâmica Populacional Da Mirmecofauna  Na Região Do Reservatório Da Itaipu Binacional Em Função De Diferentes Estágios De Recuperação Da Área De Preservação Permanente;08/01/2017;09/01/2017 a 11/01/2017;12/09/2019;Odontomachus;Sem Informações;Odontomachus;genus;1;Sem Informações;Arthropoda;Insecta;Hymenoptera;Formicidae;Odontomachus;Sem Informações;Espécie não Ameaçada;Sem Informações;Faixa De Proteção Do Entorno Do Reservatório De Itaipu;Brasil;PR;Foz Do Iguacu;Espécie não Sensível;-25.274167;-54.450278;Coordenada aproximada;Sem Informações;Será destinado posteriormente
Sem Informações;ICMBio;Sistema de Autorização e Informação em Biodiversidade.;SISBIO-DIBIO;Susete Do Rocio Chiarello Penteado;1103320;Nº Da Autorização/Licença Sisbio: 55313, Projeto: Ocorrência E Dinâmica Populacional Da Mirmecofauna  Na Região Do Reservatório Da Itaipu Binacional Em Função De Diferentes Estágios De Recuperação Da Área De Preservação Permanente;08/01/2017;09/01/2017 a 11/01/2017;12/09/2019;Linepithema;Sem Informações;Linepithema;genus;1;Sem Informações;Arthropoda;Insecta;Hymenoptera;Formicidae;Linepithema;Sem Informações;Espécie não Ameaçada;Sem Informações;Parque Nacional Do Iguaçu;Brasil;PR;Sem Informações;Espécie não Sensível;-25.545;-54.415556;Coordenada aproximada;Sem Informações;Será destinado posteriormente
Sem Informações;ICMBio;Sistema de Autorização e Informação em Biodiversidade.;SISBIO-DIBIO;Susete Do Rocio Chiarello Penteado;1103321;Nº Da Autorização/Licença Sisbio: 55313, Projeto: Ocorrência E Dinâmica Populacional Da Mirmecofauna  Na Região Do Reservatório Da Itaipu Binacional Em Função De Diferentes Estágios De Recuperação Da Área De Preservação Permanente;08/01/2017;09/01/2017 a 11/01/2017;12/09/2019;Dorymyrmex;Sem Informações;Dorymyrmex;genus;1;Sem Informações;Arthropoda;Insecta;Hymenoptera;Formicidae;Dorymyrmex;Sem Informações;Espécie não Ameaçada;Sem Informações;Parque Nacional Do Iguaçu;Brasil;PR;Sem Informações;Espécie não Sensível;-25.545;-54.415556;Coordenada aproximada;Sem Informações;Será destinado posteriormente
Sem Informações;ICMBio;Sistema de Autorização e Informação em Biodiversidade.;SISBIO-DIBIO;Susete Do Rocio Chiarello Penteado;1103322;Nº Da Autorização/Licença Sisbio: 55313, Projeto: Ocorrência E Dinâmica Populacional Da Mirmecofauna  Na Região Do Reservatório Da Itaipu Binacional Em Função De Diferentes Estágios De Recuperação Da Área De Preservação Permanente;08/01/2017;09/01/2017 a 11/01/2017;12/09/2019;Sem Informações;Sem Informações;Dolichoderus;Sem Informações;1;Sem Informações;Sem Informações;Sem Informações;Sem Informações;Sem Informações;Sem Informações;Sem Informações;Espécie não Ameaçada;Sem Informações;Parque Nacional Do Iguaçu;Brasil;PR;Sem Informações;Espécie não Sensível;-25.545;-54.415556;Coordenada aproximada;Sem Informações;Será destinado posteriormente
Sem Informações;ICMBio;Sistema de Autorização e Informação em Biodiversidade.;SISBIO-DIBIO;Susete Do Rocio Chiarello Penteado;1103323;Nº Da Autorização/Licença Sisbio: 55313, Projeto: Ocorrência E Dinâmica Populacional Da Mirmecofauna  Na Região Do Reservatório Da Itaipu Binacional Em Função De Diferentes Estágios De Recuperação Da Área De Preservação Permanente;08/01/2017;09/01/2017 a 11/01/2017;12/09/2019;Neivamyrmex;Sem Informações;Neivamyrmex;genus;1;Sem Informações;Arthropoda;Insecta;Hymenoptera;Formicidae;Neivamyrmex;Sem Informações;Espécie não Ameaçada;Sem Informações;Parque Nacional Do Iguaçu;Brasil;PR;Sem Informações;Espécie não Sensível;-25.545;-54.415556;Coordenada aproximada;Sem Informações;Será destinado posteriormente
Sem Informações;ICMBio;Sistema de Autorização e Informação em Biodiversidade.;SISBIO-DIBIO;Susete Do Rocio Chiarello Penteado;1103324;Nº Da Autorização/Licença Sisbio: 55313, Projeto: Ocorrência E Dinâmica Populacional Da Mirmecofauna  Na Região Do Reservatório Da Itaipu Binacional Em Função De Diferentes Estágios De Recuperação Da Área De Preservação Permanente;08/01/2017;09/01/2017 a 11/01/2017;12/09/2019;Ectatomma;Sem Informações;Ectatomma;genus;1;Sem Informações;Arthropoda;Insecta;Hymenoptera;Formicidae;Ectatomma;Sem Informações;Espécie não Ameaçada;Sem Informações;Parque Nacional Do Iguaçu;Brasil;PR;Sem Informações;Espécie não Sensível;-25.545;-54.415556;Coordenada aproximada;Sem Informações;Será destinado posteriormente
Sem Informações;ICMBio;Sistema de Autorização e Informação em Biodiversidade.;SISBIO-DIBIO;Susete Do Rocio Chiarello Penteado;1103325;Nº Da Autorização/Licença Sisbio: 55313, Projeto: Ocorrência E Dinâmica Populacional Da Mirmecofauna  Na Região Do Reservatório Da Itaipu Binacional Em Função De Diferentes Estágios De Recuperação Da Área De Preservação Permanente;08/01/2017;09/01/2017 a 11/01/2017;12/09/2019;Gnamptogenys;Sem Informações;Gnamptogenys;genus;1;Sem Informações;Arthropoda;Insecta;Hymenoptera;Formicidae;Gnamptogenys;Sem Informações;Espécie Ameaçada;Em Perigo;Parque Nacional Do Iguaçu;Brasil;PR;Sem Informações;Espécie não Sensível;-25.545;-54.415556;Coordenada aproximada;Sem Informações;Será destinado posteriormente
Sem Informações;ICMBio;Sistema de Autorização e Informação em Biodiversidade.;SISBIO-DIBIO;Susete Do Rocio Chiarello Penteado;1103326;Nº Da Autorização/Licença Sisbio: 55313, Projeto: Ocorrência E Dinâmica Populacional Da Mirmecofauna  Na Região Do Reservatório Da Itaipu Binacional Em Função De Diferentes Estágios De Recuperação Da Área De Preservação Permanente;08/01/2017;09/01/2017 a 11/01/2017;12/09/2019;Camponotus;Sem Informações;Camponotus;genus;1;Sem Informações;Arthropoda;Insecta;Hymenoptera;Formicidae;Camponotus;Sem Informações;Espécie não Ameaçada;Sem Informações;Parque Nacional Do Iguaçu;Brasil;PR;Sem Informações;Espécie não Sensível;-25.545;-54.415556;Coordenada aproximada;Sem Informações;Será destinado posteriormente
Sem Informações;ICMBio;Sistema de Autorização e Informação em Biodiversidade.;SISBIO-DIBIO;Susete Do Rocio Chiarello Penteado;1103327;Nº Da Autorização/Licença Sisbio: 55313, Projeto: Ocorrência E Dinâmica Populacional Da Mirmecofauna  Na Região Do Reservatório Da Itaipu Binacional Em Função De Diferentes Estágios De Recuperação Da Área De Preservação Permanente;08/01/2017;09/01/2017 a 11/01/2017;12/09/2019;Acromyrmex coronatus;Sem Informações;Acromyrmex coronatus;species;1;Sem Informações;Arthropoda;Insecta;Hymenoptera;Formicidae;Acromyrmex;Acromyrmex coronatus;Espécie não Ameaçada;Sem Informações;Parque Nacional Do Iguaçu;Brasil;PR;Sem Informações;Espécie não Sensível;-25.545;-54.415556;Coordenada aproximada;Sem Informações;Será destinado posteriormente
Sem Informações;ICMBio;Sistema de Autorização e Informação em Biodiversidade.;SISBIO-DIBIO;Susete Do Rocio Chiarello Penteado;1103328;Nº Da Autorização/Licença Sisbio: 55313, Projeto: Ocorrência E Dinâmica Populacional Da Mirmecofauna  Na Região Do Reservatório Da Itaipu Binacional Em Função De Diferentes Estágios De Recuperação Da Área De Preservação Permanente;08/01/2017;09/01/2017 a 11/01/2017;12/09/2019;Apterostigma;Sem Informações;Apterostigma;genus;1;Sem Informações;Arthropoda;Insecta;Hymenoptera;Formicidae;Apterostigma;Sem Informações;Espécie não Ameaçada;Sem Informações;Parque Nacional Do Iguaçu;Brasil;PR;Sem Informações;Espécie não Sensível;-25.545;-54.415556;Coordenada aproximada;Sem Informações;Será destinado posteriormente
Sem Informações;ICMBio;Sistema de Autorização e Informação em Biodiversidade.;SISBIO-DIBIO;Susete Do Rocio Chiarello Penteado;1103329;Nº Da Autorização/Licença Sisbio: 55313, Projeto: Ocorrência E Dinâmica Populacional Da Mirmecofauna  Na Região Do Reservatório Da Itaipu Binacional Em Função De Diferentes Estágios De Recuperação Da Área De Preservação Permanente;08/01/2017;09/01/2017 a 11/01/2017;12/09/2019;Crematogaster;Sem Informações;Crematogaster;genus;1;Sem Informações;Arthropoda;Insecta;Hymenoptera;Formicidae;Crematogaster;Sem Informações;Espécie não Ameaçada;Sem Informações;Parque Nacional Do Iguaçu;Brasil;PR;Sem Informações;Espécie não Sensível;-25.545;-54.415556;Coordenada aproximada;Sem Informações;Será destinado posteriormente
Sem Informações;ICMBio;Sistema de Autorização e Informação em Biodiversidade.;SISBIO-DIBIO;Susete Do Rocio Chiarello Penteado;1103330;Nº Da Autorização/Licença Sisbio: 55313, Projeto: Ocorrência E Dinâmica Populacional Da Mirmecofauna  Na Região Do Reservatório Da Itaipu Binacional Em Função De Diferentes Estágios De Recuperação Da Área De Preservação Permanente;08/01/2017;09/01/2017 a 11/01/2017;12/09/2019;Cyphomyrmex;Sem Informações;Cyphomyrmex;genus;1;Sem Informações;Arthropoda;Insecta;Hymenoptera;Formicidae;Cyphomyrmex;Sem Informações;Espécie não Ameaçada;Sem Informações;Parque Nacional Do Iguaçu;Brasil;PR;Sem Informações;Espécie não Sensível;-25.545;-54.415556;Coordenada aproximada;Sem Informações;Será destinado posteriormente
Sem Informações;ICMBio;Sistema de Autorização e Informação em Biodiversidade.;SISBIO-DIBIO;Susete Do Rocio Chiarello Penteado;1103331;Nº Da Autorização/Licença Sisbio: 55313, Projeto: Ocorrência E Dinâmica Populacional Da Mirmecofauna  Na Região Do Reservatório Da Itaipu Binacional Em Função De Diferentes Estágios De Recuperação Da Área De Preservação Permanente;08/01/2017;09/01/2017 a 11/01/2017;12/09/2019;Octostruma;Sem Informações;Octostruma;genus;1;Sem Informações;Arthropoda;Insecta;Hymenoptera;Formicidae;Octostruma;Sem Informações;Espécie não Ameaçada;Sem Informações;Parque Nacional Do Iguaçu;Brasil;PR;Sem Informações;Espécie não Sensível;-25.545;-54.415556;Coordenada aproximada;Sem Informações;Será destinado posteriormente
Sem Informações;ICMBio;Sistema de Autorização e Informação em Biodiversidade.;SISBIO-DIBIO;Susete Do Rocio Chiarello Penteado;1103332;Nº Da Autorização/Licença Sisbio: 55313, Projeto: Ocorrência E Dinâmica Populacional Da Mirmecofauna  Na Região Do Reservatório Da Itaipu Binacional Em Função De Diferentes Estágios De Recuperação Da Área De Preservação Permanente;08/01/2017;09/01/2017 a 11/01/2017;12/09/2019;Pheidole;Sem Informações;Pheidole;genus;1;Sem Informações;Arthropoda;Insecta;Hymenoptera;Formicidae;Pheidole;Sem Informações;Espécie não Ameaçada;Sem Informações;Parque Nacional Do Iguaçu;Brasil;PR;Sem Informações;Espécie não Sensível;-25.545;-54.415556;Coordenada aproximada;Sem Informações;Será destinado posteriormente
Sem Informações;ICMBio;Sistema de Autorização e Informação em Biodiversidade.;SISBIO-DIBIO;Susete Do Rocio Chiarello Penteado;1103333;Nº Da Autorização/Licença Sisbio: 55313, Projeto: Ocorrência E Dinâmica Populacional Da Mirmecofauna  Na Região Do Reservatório Da Itaipu Binacional Em Função De Diferentes Estágios De Recuperação Da Área De Preservação Permanente;08/01/2017;09/01/2017 a 11/01/2017;12/09/2019;Sem Informações;Sem Informações;Solenopsis;Sem Informações;1;Sem Informações;Sem Informações;Sem Informações;Sem Informações;Sem Informações;Sem Informações;Sem Informações;Espécie não Ameaçada;Sem Informações;Parque Nacional Do Iguaçu;Brasil;PR;Sem Informações;Espécie não Sensível;-25.545;-54.415556;Coordenada aproximada;Sem Informações;Será destinado posteriormente
Sem Informações;ICMBio;Sistema de Autorização e Informação em Biodiversidade.;SISBIO-DIBIO;Susete Do Rocio Chiarello Penteado;1103334;Nº Da Autorização/Licença Sisbio: 55313, Projeto: Ocorrência E Dinâmica Populacional Da Mirmecofauna  Na Região Do Reservatório Da Itaipu Binacional Em Função De Diferentes Estágios De Recuperação Da Área De Preservação Permanente;08/01/2017;09/01/2017 a 11/01/2017;12/09/2019;Strumigenys;Sem Informações;Strumigenys;genus;1;Sem Informações;Arthropoda;Insecta;Hymenoptera;Formicidae;Strumigenys;Sem Informações;Espécie não Ameaçada;Sem Informações;Parque Nacional Do Iguaçu;Brasil;PR;Sem Informações;Espécie não Sensível;-25.545;-54.415556;Coordenada aproximada;Sem Informações;Será destinado posteriormente
Sem Informações;ICMBio;Sistema de Autorização e Informação em Biodiversidade.;SISBIO-DIBIO;Susete Do Rocio Chiarello Penteado;1103335;Nº Da Autorização/Licença Sisbio: 55313, Projeto: Ocorrência E Dinâmica Populacional Da Mirmecofauna  Na Região Do Reservatório Da Itaipu Binacional Em Função De Diferentes Estágios De Recuperação Da Área De Preservação Permanente;08/01/2017;09/01/2017 a 11/01/2017;12/09/2019;Trachymyrmex;Sem Informações;Trachymyrmex;genus;1;Sem Informações;Arthropoda;Insecta;Hymenoptera;Formicidae;Trachymyrmex;Sem Informações;Espécie Ameaçada;Vulnerável;Parque Nacional Do Iguaçu;Brasil;PR;Sem Informações;Espécie não Sensível;-25.545;-54.415556;Coordenada aproximada;Sem Informações;Será destinado posteriormente
Sem Informações;ICMBio;Sistema de Autorização e Informação em Biodiversidade.;SISBIO-DIBIO;Susete Do Rocio Chiarello Penteado;1103336;Nº Da Autorização/Licença Sisbio: 55313, Projeto: Ocorrência E Dinâmica Populacional Da Mirmecofauna  Na Região Do Reservatório Da Itaipu Binacional Em Função De Diferentes Estágios De Recuperação Da Área De Preservação Permanente;08/01/2017;09/01/2017 a 11/01/2017;12/09/2019;Labidus;Sem Informações;Labidus;genus;1;Sem Informações;Arthropoda;Insecta;Hymenoptera;Formicidae;Labidus;Sem Informações;Espécie não Ameaçada;Sem Informações;Parque Nacional Do Iguaçu;Brasil;PR;Sem Informações;Espécie não Sensível;-25.541944;-54.393889;Coordenada aproximada;Sem Informações;Será destinado posteriormente
Sem Informações;ICMBio;Sistema de Autorização e Informação em Biodiversidade.;SISBIO-DIBIO;Susete Do Rocio Chiarello Penteado;1103337;Nº Da Autorização/Licença Sisbio: 55313, Projeto: Ocorrência E Dinâmica Populacional Da Mirmecofauna  Na Região Do Reservatório Da Itaipu Binacional Em Função De Diferentes Estágios De Recuperação Da Área De Preservação Permanente;08/01/2017;09/01/2017 a 11/01/2017;12/09/2019;Brachymyrmex;Sem Informações;Brachymyrmex;genus;1;Sem Informações;Arthropoda;Insecta;Hymenoptera;Formicidae;Brachymyrmex;Sem Informações;Espécie Ameaçada;Em Perigo;Parque Nacional Do Iguaçu;Brasil;PR;Sem Informações;Espécie não Sensível;-25.541944;-54.393889;Coordenada aproximada;Sem Informações;Será destinado posteriormente
Sem Informações;ICMBio;Sistema de Autorização e Informação em Biodiversidade.;SISBIO-DIBIO;Susete Do Rocio Chiarello Penteado;1103338;Nº Da Autorização/Licença Sisbio: 55313, Projeto: Ocorrência E Dinâmica Populacional Da Mirmecofauna  Na Região Do Reservatório Da Itaipu Binacional Em Função De Diferentes Estágios De Recuperação Da Área De Preservação Permanente;08/01/2017;09/01/2017 a 11/01/2017;12/09/2019;Acromyrmex subterraneus;Sem Informações;Acromyrmex subterraneus;species;1;Sem Informações;Arthropoda;Insecta;Hymenoptera;Formicidae;Acromyrmex;Acromyrmex subterraneus;Espécie não Ameaçada;Sem Informações;Parque Nacional Do Iguaçu;Brasil;PR;Sem Informações;Espécie não Sensível;-25.541944;-54.393889;Coordenada aproximada;Sem Informações;Será destinado posteriormente
Sem Informações;ICMBio;Sistema de Autorização e Informação em Biodiversidade.;SISBIO-DIBIO;Susete Do Rocio Chiarello Penteado;1103339;Nº Da Autorização/Licença Sisbio: 55313, Projeto: Ocorrência E Dinâmica Populacional Da Mirmecofauna  Na Região Do Reservatório Da Itaipu Binacional Em Função De Diferentes Estágios De Recuperação Da Área De Preservação Permanente;08/01/2017;09/01/2017 a 11/01/2017;12/09/2019;Acromyrmex aspersus;Sem Informações;Acromyrmex aspersus;species;1;Sem Informações;Arthropoda;Insecta;Hymenoptera;Formicidae;Acromyrmex;Acromyrmex aspersus;Espécie não Ameaçada;Sem Informações;Parque Nacional Do Iguaçu;Brasil;PR;Sem Informações;Espécie não Sensível;-25.541944;-54.393889;Coordenada aproximada;Sem Informações;Será destinado posteriormente
Sem Informações;ICMBio;Sistema de Autorização e Informação em Biodiversidade.;SISBIO-DIBIO;Susete Do Rocio Chiarello Penteado;1103340;Nº Da Autorização/Licença Sisbio: 55313, Projeto: Ocorrência E Dinâmica Populacional Da Mirmecofauna  Na Região Do Reservatório Da Itaipu Binacional Em Função De Diferentes Estágios De Recuperação Da Área De Preservação Permanente;08/01/2017;09/01/2017 a 11/01/2017;12/09/2019;Megalomyrmex;Sem Informações;Megalomyrmex;genus;1;Sem Informações;Arthropoda;Insecta;Hymenoptera;Formicidae;Megalomyrmex;Sem Informações;Espécie não Ameaçada;Sem Informações;Parque Nacional Do Iguaçu;Brasil;PR;Sem Informações;Espécie não Sensível;-25.541944;-54.393889;Coordenada aproximada;Sem Informações;Será destinado posteriormente
Sem Informações;ICMBio;Sistema de Autorização e Informação em Biodiversidade.;SISBIO-DIBIO;Susete Do Rocio Chiarello Penteado;1103341;Nº Da Autorização/Licença Sisbio: 55313, Projeto: Ocorrência E Dinâmica Populacional Da Mirmecofauna  Na Região Do Reservatório Da Itaipu Binacional Em Função De Diferentes Estágios De Recuperação Da Área De Preservação Permanente;08/01/2017;09/01/2017 a 11/01/2017;12/09/2019;Odontomachus;Sem Informações;Odontomachus;genus;1;Sem Informações;Arthropoda;Insecta;Hymenoptera;Formicidae;Odontomachus;Sem Informações;Espécie não Ameaçada;Sem Informações;Parque Nacional Do Iguaçu;Brasil;PR;Sem Informações;Espécie não Sensível;-25.541944;-54.393889;Coordenada aproximada;Sem Informações;Será destinado posteriormente
Sem Informações;ICMBio;Sistema de Autorização e Informação em Biodiversidade.;SISBIO-DIBIO;Susete Do Rocio Chiarello Penteado;1103342;Nº Da Autorização/Licença Sisbio: 55313, Projeto: Ocorrência E Dinâmica Populacional Da Mirmecofauna  Na Região Do Reservatório Da Itaipu Binacional Em Função De Diferentes Estágios De Recuperação Da Área De Preservação Permanente;08/01/2017;09/01/2017 a 11/01/2017;12/09/2019;Pachycondyla;Sem Informações;Pachycondyla;genus;1;Sem Informações;Arthropoda;Insecta;Hymenoptera;Formicidae;Pachycondyla;Sem Informações;Espécie não Ameaçada;Sem Informações;Parque Nacional Do Iguaçu;Brasil;PR;Sem Informações;Espécie não Sensível;-25.541944;-54.393889;Coordenada aproximada;Sem Informações;Será destinado posteriormente
Sem Informações;ICMBio;Sistema de Autorização e Informação em Biodiversidade.;SISBIO-DIBIO;Susete Do Rocio Chiarello Penteado;1103343;Nº Da Autorização/Licença Sisbio: 55313, Projeto: Ocorrência E Dinâmica Populacional Da Mirmecofauna  Na Região Do Reservatório Da Itaipu Binacional Em Função De Diferentes Estágios De Recuperação Da Área De Preservação Permanente;08/01/2017;09/01/2017 a 11/01/2017;12/09/2019;Hypoponera;Sem Informações;Hypoponera;genus;1;Sem Informações;Arthropoda;Insecta;Hymenoptera;Formicidae;Hypoponera;Sem Informações;Espécie não Ameaçada;Sem Informações;Parque Nacional Do Iguaçu;Brasil;PR;Sem Informações;Espécie não Sensível;-25.541944;-54.393889;Coordenada aproximada;Sem Informações;Será destinado posteriormente
Sem Informações;ICMBio;Sistema de Autorização e Informação em Biodiversidade.;SISBIO-DIBIO;Susete Do Rocio Chiarello Penteado;1103344;Nº Da Autorização/Licença Sisbio: 55313, Projeto: Ocorrência E Dinâmica Populacional Da Mirmecofauna  Na Região Do Reservatório Da Itaipu Binacional Em Função De Diferentes Estágios De Recuperação Da Área De Preservação Permanente;08/01/2017;09/01/2017 a 11/01/2017;12/09/2019;Pseudomyrmex;Sem Informações;Pseudomyrmex;genus;1;Sem Informações;Arthropoda;Insecta;Hymenoptera;Formicidae;Pseudomyrmex;Sem Informações;Espécie não Ameaçada;Sem Informações;Parque Nacional Do Iguaçu;Brasil;PR;Sem Informações;Espécie não Sensível;-25.538056;-54.363056;Coordenada aproximada;Sem Informações;Será destinado posteriormente
Sem Informações;ICMBio;Sistema de Autorização e Informação em Biodiversidade.;SISBIO-DIBIO;Rafael Metri;1084554;Nº Da Autorização/Licença Sisbio: 15921;09/04/2017;10/04/2017 a 07/07/2017;15/08/2014;Talitridae;Sem Informações;Talitridae;family;3;Sem Informações;Arthropoda;Malacostraca;Amphipoda;Talitridae;Sem Informações;Sem Informações;Espécie não Ameaçada;Sem Informações;Baía De Paranaguá, Costões Rochosos;Brasil;PR;Paranagua;Espécie não Sensível;-25.549719;-48.505153;Coordenada aproximada;Sem Informações;Destinado a laboratório
Sem Informações;ICMBio;Sistema de Autorização e Informação em Biodiversidade.;SISBIO-DIBIO;Rafael Metri;1084555;Nº Da Autorização/Licença Sisbio: 15921;09/04/2017;10/04/2017 a 07/07/2017;15/08/2014;Isopoda;Sem Informações;Isopoda;order;3;Sem Informações;Arthropoda;Malacostraca;Isopoda;Sem Informações;Sem Informações;Sem Informações;Espécie não Ameaçada;Sem Informações;Baía De Paranaguá, Costões Rochosos;Brasil;PR;Paranagua;Espécie não Sensível;-25.549719;-48.505153;Coordenada aproximada;Sem Informações;Destinado a laboratório
Sem Informações;ICMBio;Sistema de Autorização e Informação em Biodiversidade.;SISBIO-DIBIO;Rafael Metri;1084556;Nº Da Autorização/Licença Sisbio: 15921;05/07/2017;06/07/2017 a 07/07/2017;15/08/2014;Tanaidacea;Sem Informações;Tanaidacea;order;1;Sem Informações;Arthropoda;Malacostraca;Tanaidacea;Sem Informações;Sem Informações;Sem Informações;Espécie não Ameaçada;Sem Informações;Baía De Paranaguá, Costões Rochosos;Brasil;PR;Paranagua;Espécie não Sensível;-25.549719;-48.505153;Coordenada aproximada;Sem Informações;Destinado a laboratório
Sem Informações;ICMBio;Sistema de Autorização e Informação em Biodiversidade.;SISBIO-DIBIO;Jerson Vanderlei Carús Guedes;1097566;Nº Da Autorização/Licença Sisbio: 55094, Projeto: Bases Para O Manejo Da Resistência Da Lagarta Falsa-Medideira, Chrysodeixis Includens (Lepidoptera: Noctuidae), A Inseticidas Utilizados Na Cultura Da Soja;26/01/2017;27/01/2017 a 27/01/2017;27/08/2018;Chrysodeixis includens;Sem Informações;Chrysodeixis includens;species;35;Sem Informações;Arthropoda;Insecta;Lepidoptera;Noctuidae;Chrysodeixis;Chrysodeixis includens;Espécie não Ameaçada;Sem Informações;Lavoura De Soja;Brasil;PR;Santa Helena;Espécie não Sensível;-24.892028;-54.311128;Coordenada exata da ocorrência;Sem Informações;Destinado a laboratório
Sem Informações;ICMBio;Sistema de Autorização e Informação em Biodiversidade.;SISBIO-DIBIO;Fernando Camargo Jerep;1103471;Nº Da Autorização/Licença Sisbio: 42829;28/03/2017;29/03/2017 a 29/03/2017;13/09/2017;Hypostomus strigaticeps;Cascudo-pintado;Hypostomus strigaticeps;species;4;Sem Informações;Chordata;Actinopterygii;Siluriformes;Loricariidae;Hypostomus;Hypostomus strigaticeps;Espécie não Ameaçada;Sem Informações;Riachos Na Região De Londrina;Brasil;PR;Londrina;Espécie não Sensível;-23.47475;-51.282222;Coordenada de referência da área amostrada;Sem Informações;Destinado a laboratório
Sem Informações;ICMBio;Sistema de Autorização e Informação em Biodiversidade.;SISBIO-DIBIO;Fernando Camargo Jerep;1103472;Nº Da Autorização/Licença Sisbio: 42829;28/03/2017;29/03/2017 a 29/03/2017;13/09/2017;Hypostomus nigromaculatus;Cascudo;Hypostomus nigromaculatus;species;1;Sem Informações;Chordata;Actinopterygii;Siluriformes;Loricariidae;Hypostomus;Hypostomus nigromaculatus;Espécie não Ameaçada;Sem Informações;Riachos Na Região De Londrina;Brasil;PR;Londrina;Espécie não Sensível;-23.47475;-51.282222;Coordenada de referência da área amostrada;Sem Informações;Destinado a laboratório
Sem Informações;ICMBio;Sistema de Autorização e Informação em Biodiversidade.;SISBIO-DIBIO;Fernando Camargo Jerep;1103473;Nº Da Autorização/Licença Sisbio: 42829;28/03/2017;29/03/2017 a 29/03/2017;13/09/2017;Hypostomus ancistroides;Cascudo;Hypostomus ancistroides;species;1;Sem Informações;Chordata;Actinopterygii;Siluriformes;Loricariidae;Hypostomus;Hypostomus ancistroides;Espécie não Ameaçada;Sem Informações;Riachos Na Região De Londrina;Brasil;PR;Londrina;Espécie não Sensível;-23.47475;-51.282222;Coordenada de referência da área amostrada;Sem Informações;Destinado a laboratório
Sem Informações;ICMBio;Sistema de Autorização e Informação em Biodiversidade.;SISBIO-DIBIO;Fernando Camargo Jerep;1103474;Nº Da Autorização/Licença Sisbio: 42829;20/06/2017;21/06/2017 a 21/06/2017;13/09/2017;Hypostomus strigaticeps;Cascudo-pintado;Hypostomus strigaticeps;species;3;Sem Informações;Chordata;Actinopterygii;Siluriformes;Loricariidae;Hypostomus;Hypostomus strigaticeps;Espécie não Ameaçada;Sem Informações;Riachos Na Região De Londrina;Brasil;PR;Londrina;Espécie não Sensível;-23.416611;-51.248194;Coordenada de referência da área amostrada;Sem Informações;Destinado a laboratório
Sem Informações;ICMBio;Sistema de Autorização e Informação em Biodiversidade.;SISBIO-DIBIO;Fernando Camargo Jerep;1103475;Nº Da Autorização/Licença Sisbio: 42829;20/06/2017;21/06/2017 a 21/06/2017;13/09/2017;Hypostomus nigromaculatus;Cascudo;Hypostomus nigromaculatus;species;1;Sem Informações;Chordata;Actinopterygii;Siluriformes;Loricariidae;Hypostomus;Hypostomus nigromaculatus;Espécie não Ameaçada;Sem Informações;Riachos Na Região De Londrina;Brasil;PR;Londrina;Espécie não Sensível;-23.416611;-51.248194;Coordenada de referência da área amostrada;Sem Informações;Destinado a laboratório
Sem Informações;ICMBio;Sistema de Autorização e Informação em Biodiversidade.;SISBIO-DIBIO;Fernando Camargo Jerep;1103476;Nº Da Autorização/Licença Sisbio: 42829;11/07/2017;12/07/2017 a 12/07/2017;13/09/2017;Hypostomus strigaticeps;Cascudo-pintado;Hypostomus strigaticeps;species;4;Sem Informações;Chordata;Actinopterygii;Siluriformes;Loricariidae;Hypostomus;Hypostomus strigaticeps;Espécie não Ameaçada;Sem Informações;Riachos Na Região De Londrina;Brasil;PR;Londrina;Espécie não Sensível;-23.416611;-51.248194;Coordenada de referência da área amostrada;Sem Informações;Destinado a laboratório
Sem Informações;ICMBio;Sistema de Autorização e Informação em Biodiversidade.;SISBIO-DIBIO;Fernando Camargo Jerep;1103477;Nº Da Autorização/Licença Sisbio: 42829;11/07/2017;12/07/2017 a 12/07/2017;13/09/2017;Hypostomus nigromaculatus;Cascudo;Hypostomus nigromaculatus;species;22;Sem Informações;Chordata;Actinopterygii;Siluriformes;Loricariidae;Hypostomus;Hypostomus nigromaculatus;Espécie não Ameaçada;Sem Informações;Riachos Na Região De Londrina;Brasil;PR;Londrina;Espécie não Sensível;-23.416611;-51.248194;Coordenada de referência da área amostrada;Sem Informações;Destinado a laboratório
Sem Informações;ICMBio;Sistema de Autorização e Informação em Biodiversidade.;SISBIO-DIBIO;Fernando Camargo Jerep;1103478;Nº Da Autorização/Licença Sisbio: 42829;11/07/2017;12/07/2017 a 12/07/2017;13/09/2017;Hypostomus ancistroides;Cascudo;Hypostomus ancistroides;species;6;Sem Informações;Chordata;Actinopterygii;Siluriformes;Loricariidae;Hypostomus;Hypostomus ancistroides;Espécie não Ameaçada;Sem Informações;Riachos Na Região De Londrina;Brasil;PR;Londrina;Espécie não Sensível;-23.416611;-51.248194;Coordenada de referência da área amostrada;Sem Informações;Destinado a laboratório
Sem Informações;ICMBio;Sistema de Autorização e Informação em Biodiversidade.;SISBIO-DIBIO;Fernando Camargo Jerep;1103485;Nº Da Autorização/Licença Sisbio: 42829;28/03/2017;29/03/2017 a 29/03/2017;13/09/2017;Hypostomus strigaticeps;Cascudo-pintado;Hypostomus strigaticeps;species;6;Sem Informações;Chordata;Actinopterygii;Siluriformes;Loricariidae;Hypostomus;Hypostomus strigaticeps;Espécie não Ameaçada;Sem Informações;Lagoa Riachos Da Região;Brasil;PR;Sertanopolis;Espécie não Sensível;-23.094222;-50.997111;Coordenada de referência da área amostrada;Sem Informações;Destinado a laboratório
Sem Informações;ICMBio;Sistema de Autorização e Informação em Biodiversidade.;SISBIO-DIBIO;Fernando Camargo Jerep;1103486;Nº Da Autorização/Licença Sisbio: 42829;28/03/2017;29/03/2017 a 29/03/2017;13/09/2017;Hypostomus nigromaculatus;Cascudo;Hypostomus nigromaculatus;species;1;Sem Informações;Chordata;Actinopterygii;Siluriformes;Loricariidae;Hypostomus;Hypostomus nigromaculatus;Espécie não Ameaçada;Sem Informações;Lagoa Riachos Da Região;Brasil;PR;Sertanopolis;Espécie não Sensível;-23.094222;-50.997111;Coordenada de referência da área amostrada;Sem Informações;Destinado a laboratório
Sem Informações;ICMBio;Sistema de Autorização e Informação em Biodiversidade.;SISBIO-DIBIO;Fernando Camargo Jerep;1103487;Nº Da Autorização/Licença Sisbio: 42829;28/03/2017;29/03/2017 a 29/03/2017;13/09/2017;Hypostomus ancistroides;Cascudo;Hypostomus ancistroides;species;1;Sem Informações;Chordata;Actinopterygii;Siluriformes;Loricariidae;Hypostomus;Hypostomus ancistroides;Espécie não Ameaçada;Sem Informações;Lagoa Riachos Da Região;Brasil;PR;Sertanopolis;Espécie não Sensível;-23.094222;-50.997111;Coordenada de referência da área amostrada;Sem Informações;Destinado a laboratório
Sem Informações;ICMBio;Sistema de Autorização e Informação em Biodiversidade.;SISBIO-DIBIO;Fernando Camargo Jerep;1103488;Nº Da Autorização/Licença Sisbio: 42829;20/06/2017;21/06/2017 a 21/06/2017;13/09/2017;Hypostomus strigaticeps;Cascudo-pintado;Hypostomus strigaticeps;species;2;Sem Informações;Chordata;Actinopterygii;Siluriformes;Loricariidae;Hypostomus;Hypostomus strigaticeps;Espécie não Ameaçada;Sem Informações;Lagoa Riachos Da Região;Brasil;PR;Sertanopolis;Espécie não Sensível;-23.094222;-50.997111;Coordenada de referência da área amostrada;Sem Informações;Destinado a laboratório
Sem Informações;ICMBio;Sistema de Autorização e Informação em Biodiversidade.;SISBIO-DIBIO;Fernando Camargo Jerep;1103489;Nº Da Autorização/Licença Sisbio: 42829;20/06/2017;21/06/2017 a 21/06/2017;13/09/2017;Hypostomus nigromaculatus;Cascudo;Hypostomus nigromaculatus;species;1;Sem Informações;Chordata;Actinopterygii;Siluriformes;Loricariidae;Hypostomus;Hypostomus nigromaculatus;Espécie não Ameaçada;Sem Informações;Lagoa Riachos Da Região;Brasil;PR;Sertanopolis;Espécie não Sensível;-23.094222;-50.997111;Coordenada de referência da área amostrada;Sem Informações;Destinado a laboratório
Sem Informações;ICMBio;Sistema de Autorização e Informação em Biodiversidade.;SISBIO-DIBIO;Michelle Micarelli Struett;1098772;Nº Da Autorização/Licença Sisbio: 55696, Projeto: Dinâmica Populacional De Hylodes Heyeri Haddad, Pombal & Bastos 1996 (Anura, Hylodidae);09/01/2017;10/01/2017 a 10/03/2017;31/08/2017;Hylodes heyeri;Rã-de-corredeira;Hylodes heyeri;species;66;Sem Informações;Chordata;Amphibia;Anura;Hylodidae;Hylodes;Hylodes heyeri;Espécie não Ameaçada;Sem Informações;Parque Estadual Pico Do Marumbi;Brasil;PR;Piraquara;Espécie não Sensível;-25.489444;-48.975833;Coordenada exata da ocorrência;Sem Informações;Solto/mantido na natureza
Sem Informações;ICMBio;Sistema de Autorização e Informação em Biodiversidade.;SISBIO-DIBIO;Michelle Micarelli Struett;1098773;Nº Da Autorização/Licença Sisbio: 55696, Projeto: Dinâmica Populacional De Hylodes Heyeri Haddad, Pombal & Bastos 1996 (Anura, Hylodidae);09/03/2017;10/03/2017 a 10/05/2017;31/08/2017;Hylodes heyeri;Rã-de-corredeira;Hylodes heyeri;species;14;Sem Informações;Chordata;Amphibia;Anura;Hylodidae;Hylodes;Hylodes heyeri;Espécie não Ameaçada;Sem Informações;Parque Estadual Pico Do Marumbi;Brasil;PR;Piraquara;Espécie não Sensível;-25.489442;-48.975831;Coordenada exata da ocorrência;Sem Informações;Solto/mantido na natureza
Sem Informações;ICMBio;Sistema de Autorização e Informação em Biodiversidade.;SISBIO-DIBIO;Michelle Micarelli Struett;1098774;Nº Da Autorização/Licença Sisbio: 55696, Projeto: Dinâmica Populacional De Hylodes Heyeri Haddad, Pombal & Bastos 1996 (Anura, Hylodidae);09/05/2017;10/05/2017 a 10/07/2017;31/08/2017;Hylodes heyeri;Rã-de-corredeira;Hylodes heyeri;species;5;Sem Informações;Chordata;Amphibia;Anura;Hylodidae;Hylodes;Hylodes heyeri;Espécie não Ameaçada;Sem Informações;Parque Estadual Pico Do Marumbi;Brasil;PR;Piraquara;Espécie não Sensível;-25.489442;-48.975831;Coordenada exata da ocorrência;Sem Informações;Solto/mantido na natureza
Sem Informações;ICMBio;Sistema de Autorização e Informação em Biodiversidade.;SISBIO-DIBIO;Michelle Micarelli Struett;1098775;Nº Da Autorização/Licença Sisbio: 55696, Projeto: Dinâmica Populacional De Hylodes Heyeri Haddad, Pombal & Bastos 1996 (Anura, Hylodidae);09/07/2017;10/07/2017 a 23/08/2017;31/08/2017;Hylodes heyeri;Rã-de-corredeira;Hylodes heyeri;species;1;Sem Informações;Chordata;Amphibia;Anura;Hylodidae;Hylodes;Hylodes heyeri;Espécie não Ameaçada;Sem Informações;Parque Estadual Pico Do Marumbi;Brasil;PR;Piraquara;Espécie não Sensível;-25.489442;-48.975831;Coordenada exata da ocorrência;Sem Informações;Solto/mantido na natureza
Sem Informações;ICMBio;Sistema de Autorização e Informação em Biodiversidade.;SISBIO-DIBIO;Neucir Szinwelski;1013804;Nº Da Autorização/Licença Sisbio: 46964;03/02/2017;04/02/2017 a 04/02/2017;02/03/2018;Orthoptera;Sem Informações;Orthoptera;order;144;Sem Informações;Arthropoda;Insecta;Orthoptera;Sem Informações;Sem Informações;Sem Informações;Espécie não Ameaçada;Sem Informações;Parque Nacional Do Iguaçu;Brasil;PR;Sem Informações;Espécie não Sensível;-25.465233;-54.024425;Coordenada de referência da área amostrada;Sem Informações;Destinado a laboratório
Sem Informações;ICMBio;Sistema de Autorização e Informação em Biodiversidade.;SISBIO-DIBIO;Neucir Szinwelski;1013805;Nº Da Autorização/Licença Sisbio: 46964;03/02/2017;04/02/2017 a 04/02/2017;02/03/2018;Tettigoniidae;Sem Informações;Tettigoniidae;family;49;Sem Informações;Arthropoda;Insecta;Orthoptera;Tettigoniidae;Sem Informações;Sem Informações;Espécie não Ameaçada;Sem Informações;Parque Nacional Do Iguaçu;Brasil;PR;Sem Informações;Espécie não Sensível;-25.465233;-54.024425;Coordenada de referência da área amostrada;Sem Informações;Destinado a laboratório
Sem Informações;ICMBio;Sistema de Autorização e Informação em Biodiversidade.;SISBIO-DIBIO;Fernando Camargo Jerep;1103465;Nº Da Autorização/Licença Sisbio: 42829;22/02/2017;23/02/2017 a 22/05/2017;13/09/2017;Serrapinnus notomelas;Lambari;Serrapinnus notomelas;species;4;Sem Informações;Chordata;Actinopterygii;Characiformes;Characidae;Serrapinnus;Serrapinnus notomelas;Espécie não Ameaçada;Sem Informações;Lagoa Riachos Da Região;Brasil;PR;Sertanopolis;Espécie não Sensível;-23.003255;-50.97332;Coordenada exata da ocorrência;Sem Informações;Depositado em coleção/museu
Sem Informações;ICMBio;Sistema de Autorização e Informação em Biodiversidade.;SISBIO-DIBIO;Fernando Camargo Jerep;1103466;Nº Da Autorização/Licença Sisbio: 42829;22/06/2017;23/06/2017 a 22/08/2017;13/09/2017;Serrapinnus notomelas;Lambari;Serrapinnus notomelas;species;3;Sem Informações;Chordata;Actinopterygii;Characiformes;Characidae;Serrapinnus;Serrapinnus notomelas;Espécie não Ameaçada;Sem Informações;Lagoa Riachos Da Região;Brasil;PR;Sertanopolis;Espécie não Sensível;-23.003255;-50.97332;Coordenada exata da ocorrência;Sem Informações;Depositado em coleção/museu
Sem Informações;ICMBio;Sistema de Autorização e Informação em Biodiversidade.;SISBIO-DIBIO;Paulo Henrique Zarbin;1080848;Nº Da Autorização/Licença Sisbio: 48904;12/03/2017;13/03/2017 a 13/03/2017;17/07/2017;Hedypathes betulinus;Sem Informações;Hedypathes betulinus;species;70;Sem Informações;Arthropoda;Insecta;Coleoptera;Cerambycidae;Hedypathes;Hedypathes betulinus;Espécie não Ameaçada;Sem Informações;Fazenda Erva-Mate Vier;Brasil;PR;Sao Mateus Do Sul;Espécie não Sensível;-25.868569;-50.384072;Coordenada aproximada;Sem Informações;Destinado a laboratório
Sem Informações;ICMBio;Sistema de Autorização e Informação em Biodiversidade.;SISBIO-DIBIO;Marcelo Ricardo Vicari;1081137;Nº Da Autorização/Licença Sisbio: 15117;23/03/2017;24/03/2017 a 25/03/2017;18/07/2019;Characidium;Sem Informações;Characidium;genus;14;Sem Informações;Chordata;Actinopterygii;Characiformes;Crenuchidae;Characidium;Sem Informações;Espécie Ameaçada;Criticamente em Perigo;Rio Jangada;Brasil;PR;Porto Vitoria;Espécie não Sensível;-26.221675;-51.272711;Coordenada aproximada;Sem Informações;Destinado a laboratório
Sem Informações;ICMBio;Sistema de Autorização e Informação em Biodiversidade.;SISBIO-DIBIO;Marcelo Ricardo Vicari;1081139;Nº Da Autorização/Licença Sisbio: 15117;23/03/2017;24/03/2017 a 25/03/2017;18/07/2019;Leporinus obtusidens;Piapara;Leporinus obtusidens;species;1;Sem Informações;Chordata;Actinopterygii;Characiformes;Anostomidae;Leporinus;Leporinus obtusidens;Espécie não Ameaçada;Sem Informações;Rio Jangada;Brasil;PR;Porto Vitoria;Espécie não Sensível;-26.221675;-51.272711;Coordenada aproximada;Sem Informações;Será destinado posteriormente
Sem Informações;ICMBio;Sistema de Autorização e Informação em Biodiversidade.;SISBIO-DIBIO;Marcelo Ricardo Vicari;1081153;Nº Da Autorização/Licença Sisbio: 15117;12/03/2017;13/03/2017 a 13/03/2017;18/07/2019;Neoplecostomus yapo;Cascudo;Neoplecostomus yapo;species;36;Sem Informações;Chordata;Actinopterygii;Siluriformes;Loricariidae;Neoplecostomus;Neoplecostomus yapo;Espécie não Ameaçada;Sem Informações;Rio São João;Brasil;PR;Carambei;Espécie não Sensível;-24.897217;-50.210278;Coordenada aproximada;Sem Informações;Será destinado posteriormente
Sem Informações;ICMBio;Sistema de Autorização e Informação em Biodiversidade.;SISBIO-DIBIO;Marcelo Ricardo Vicari;1081156;Nº Da Autorização/Licença Sisbio: 15117;30/03/2017;31/03/2017 a 31/03/2017;18/07/2019;Apareiodon ibitiensis;Canivete;Apareiodon ibitiensis;species;12;Sem Informações;Chordata;Actinopterygii;Characiformes;Parodontidae;Apareiodon;Apareiodon ibitiensis;Espécie não Ameaçada;Sem Informações;Rio São João;Brasil;PR;Carambei;Espécie não Sensível;-24.897217;-50.210278;Coordenada aproximada;Sem Informações;Destinado a laboratório
Sem Informações;ICMBio;Sistema de Autorização e Informação em Biodiversidade.;SISBIO-DIBIO;Edilson Caron;1087219;Nº Da Autorização/Licença Sisbio: 48533;29/04/2017;30/04/2017 a 29/06/2017;14/04/2016;Dermaptera;Sem Informações;Dermaptera;order;15;Sem Informações;Arthropoda;Insecta;Dermaptera;Sem Informações;Sem Informações;Sem Informações;Espécie não Ameaçada;Sem Informações;Area Urbana E Rural;Brasil;PR;Palotina;Espécie não Sensível;-24.283889;-53.84;Coordenada aproximada;Sem Informações;Depositado em coleção/museu
Sem Informações;ICMBio;Sistema de Autorização e Informação em Biodiversidade.;SISBIO-DIBIO;Débora Cristina Souza;1054400;Nº Da Autorização/Licença Sisbio: 53645, Projeto: Estudo Da Distribuição Florestal Na Reserva Biológica Das Perobas, Tuneiras Do Oeste Pr;05/02/2017;06/02/2017 a 06/04/2017;27/05/2019;Arecaceae;Sem Informações;Arecaceae;family;3;Sem Informações;Magnoliophyta;Liliopsida;Arecales;Arecaceae;Sem Informações;Sem Informações;Espécie não Ameaçada;Sem Informações;Reserva Biológica Das Perobas;Brasil;PR;Sem Informações;Espécie não Sensível;-23.898333;-52.671667;Coordenada aproximada;Sem Informações;Será destinado posteriormente
Sem Informações;ICMBio;Sistema de Autorização e Informação em Biodiversidade.;SISBIO-DIBIO;Débora Cristina Souza;1054402;Nº Da Autorização/Licença Sisbio: 53645, Projeto: Estudo Da Distribuição Florestal Na Reserva Biológica Das Perobas, Tuneiras Do Oeste Pr;05/02/2017;06/02/2017 a 06/04/2017;27/05/2019;Thelypteridaceae;Sem Informações;Thelypteridaceae;family;3;Sem Informações;Pteridophyta;Filicopsida;Polypodiales;Thelypteridaceae;Sem Informações;Sem Informações;Espécie não Ameaçada;Sem Informações;Reserva Biológica Das Perobas;Brasil;PR;Sem Informações;Espécie não Sensível;-23.898331;-52.671667;Coordenada aproximada;Sem Informações;Será destinado posteriormente
Sem Informações;ICMBio;Sistema de Autorização e Informação em Biodiversidade.;SISBIO-DIBIO;Débora Cristina Souza;1054403;Nº Da Autorização/Licença Sisbio: 53645, Projeto: Estudo Da Distribuição Florestal Na Reserva Biológica Das Perobas, Tuneiras Do Oeste Pr;05/02/2017;06/02/2017 a 06/04/2017;27/05/2019;Solanum;Sem Informações;Solanum;genus;3;Sem Informações;Magnoliophyta;Magnoliopsida;Solanales;Solanaceae;Solanum;Sem Informações;Espécie Ameaçada;Em Perigo;Reserva Biológica Das Perobas;Brasil;PR;Sem Informações;Espécie não Sensível;-23.898331;-52.671667;Coordenada aproximada;Sem Informações;Será destinado posteriormente
Sem Informações;ICMBio;Sistema de Autorização e Informação em Biodiversidade.;SISBIO-DIBIO;Débora Cristina Souza;1054404;Nº Da Autorização/Licença Sisbio: 53645, Projeto: Estudo Da Distribuição Florestal Na Reserva Biológica Das Perobas, Tuneiras Do Oeste Pr;05/02/2017;06/02/2017 a 06/04/2017;27/05/2019;Piper;Sem Informações;Piper;genus;3;Sem Informações;Magnoliophyta;Magnoliopsida;Piperales;Piperaceae;Piper;Sem Informações;Espécie Ameaçada;Em Perigo;Reserva Biológica Das Perobas;Brasil;PR;Sem Informações;Espécie não Sensível;-23.898331;-52.671667;Coordenada aproximada;Sem Informações;Será destinado posteriormente
Sem Informações;ICMBio;Sistema de Autorização e Informação em Biodiversidade.;SISBIO-DIBIO;Débora Cristina Souza;1054406;Nº Da Autorização/Licença Sisbio: 53645, Projeto: Estudo Da Distribuição Florestal Na Reserva Biológica Das Perobas, Tuneiras Do Oeste Pr;05/02/2017;06/02/2017 a 06/04/2017;27/05/2019;Sem Informações;Sem Informações;Geophila;Sem Informações;3;Sem Informações;Sem Informações;Sem Informações;Sem Informações;Sem Informações;Sem Informações;Sem Informações;Espécie não Ameaçada;Sem Informações;Reserva Biológica Das Perobas;Brasil;PR;Sem Informações;Espécie não Sensível;-23.898331;-52.671667;Coordenada aproximada;Sem Informações;Será destinado posteriormente
Sem Informações;ICMBio;Sistema de Autorização e Informação em Biodiversidade.;SISBIO-DIBIO;Débora Cristina Souza;1054407;Nº Da Autorização/Licença Sisbio: 53645, Projeto: Estudo Da Distribuição Florestal Na Reserva Biológica Das Perobas, Tuneiras Do Oeste Pr;05/02/2017;06/02/2017 a 06/04/2017;27/05/2019;Dryopteridaceae;Sem Informações;Dryopteridaceae;family;3;Sem Informações;Pteridophyta;Filicopsida;Polypodiales;Dryopteridaceae;Sem Informações;Sem Informações;Espécie não Ameaçada;Sem Informações;Reserva Biológica Das Perobas;Brasil;PR;Sem Informações;Espécie não Sensível;-23.898331;-52.671667;Coordenada aproximada;Sem Informações;Será destinado posteriormente
Sem Informações;ICMBio;Sistema de Autorização e Informação em Biodiversidade.;SISBIO-DIBIO;Débora Cristina Souza;1054408;Nº Da Autorização/Licença Sisbio: 53645, Projeto: Estudo Da Distribuição Florestal Na Reserva Biológica Das Perobas, Tuneiras Do Oeste Pr;05/02/2017;06/02/2017 a 06/04/2017;27/05/2019;Sem Informações;Sem Informações;Aspidosperma polyneuron;Sem Informações;3;Sem Informações;Sem Informações;Sem Informações;Sem Informações;Sem Informações;Sem Informações;Sem Informações;Espécie não Ameaçada;Sem Informações;Reserva Biológica Das Perobas;Brasil;PR;Sem Informações;Espécie não Sensível;-23.898331;-52.671667;Coordenada aproximada;Sem Informações;Será destinado posteriormente
Sem Informações;ICMBio;Sistema de Autorização e Informação em Biodiversidade.;SISBIO-DIBIO;Débora Cristina Souza;1054409;Nº Da Autorização/Licença Sisbio: 53645, Projeto: Estudo Da Distribuição Florestal Na Reserva Biológica Das Perobas, Tuneiras Do Oeste Pr;05/02/2017;06/02/2017 a 06/04/2017;27/05/2019;Alchornea triplinervia;Sem Informações;Alchornea triplinervia;species;3;Sem Informações;Magnoliophyta;Magnoliopsida;Malpighiales;Euphorbiaceae;Alchornea;Alchornea triplinervia;Espécie não Ameaçada;Sem Informações;Reserva Biológica Das Perobas;Brasil;PR;Sem Informações;Espécie não Sensível;-23.898331;-52.671667;Coordenada aproximada;Sem Informações;Será destinado posteriormente
Sem Informações;ICMBio;Sistema de Autorização e Informação em Biodiversidade.;SISBIO-DIBIO;Débora Cristina Souza;1054410;Nº Da Autorização/Licença Sisbio: 53645, Projeto: Estudo Da Distribuição Florestal Na Reserva Biológica Das Perobas, Tuneiras Do Oeste Pr;05/02/2017;06/02/2017 a 06/04/2017;27/05/2019;Guarea;Sem Informações;Guarea  spp.;genus;3;Sem Informações;Magnoliophyta;Magnoliopsida;Sapindales;Meliaceae;Guarea;Sem Informações;Espécie não Ameaçada;Sem Informações;Reserva Biológica Das Perobas;Brasil;PR;Sem Informações;Espécie não Sensível;-23.898331;-52.671667;Coordenada aproximada;Sem Informações;Será destinado posteriormente
Sem Informações;ICMBio;Sistema de Autorização e Informação em Biodiversidade.;SISBIO-DIBIO;Débora Cristina Souza;1054411;Nº Da Autorização/Licença Sisbio: 53645, Projeto: Estudo Da Distribuição Florestal Na Reserva Biológica Das Perobas, Tuneiras Do Oeste Pr;05/02/2017;06/02/2017 a 06/04/2017;27/05/2019;Sem Informações;Sem Informações;Endlicheria;Sem Informações;3;Sem Informações;Sem Informações;Sem Informações;Sem Informações;Sem Informações;Sem Informações;Sem Informações;Espécie não Ameaçada;Sem Informações;Reserva Biológica Das Perobas;Brasil;PR;Sem Informações;Espécie não Sensível;-23.898331;-52.671667;Coordenada aproximada;Sem Informações;Será destinado posteriormente
Sem Informações;ICMBio;Sistema de Autorização e Informação em Biodiversidade.;SISBIO-DIBIO;Débora Cristina Souza;1054412;Nº Da Autorização/Licença Sisbio: 53645, Projeto: Estudo Da Distribuição Florestal Na Reserva Biológica Das Perobas, Tuneiras Do Oeste Pr;05/02/2017;06/02/2017 a 06/04/2017;27/05/2019;Myrcia;Sem Informações;Myrcia;genus;3;Sem Informações;Magnoliophyta;Magnoliopsida;Myrtales;Myrtaceae;Myrcia;Sem Informações;Espécie Ameaçada;Em Perigo;Reserva Biológica Das Perobas;Brasil;PR;Sem Informações;Espécie não Sensível;-23.898331;-52.671667;Coordenada aproximada;Sem Informações;Será destinado posteriormente
Sem Informações;ICMBio;Sistema de Autorização e Informação em Biodiversidade.;SISBIO-DIBIO;Débora Cristina Souza;1054413;Nº Da Autorização/Licença Sisbio: 53645, Projeto: Estudo Da Distribuição Florestal Na Reserva Biológica Das Perobas, Tuneiras Do Oeste Pr;05/02/2017;06/02/2017 a 06/04/2017;27/05/2019;Xylopia;Sem Informações;Xylopia;genus;3;Sem Informações;Magnoliophyta;Magnoliopsida;Magnoliales;Annonaceae;Xylopia;Sem Informações;Espécie não Ameaçada;Sem Informações;Reserva Biológica Das Perobas;Brasil;PR;Sem Informações;Espécie não Sensível;-23.898331;-52.671667;Coordenada aproximada;Sem Informações;Será destinado posteriormente
Sem Informações;ICMBio;Sistema de Autorização e Informação em Biodiversidade.;SISBIO-DIBIO;Débora Cristina Souza;1054415;Nº Da Autorização/Licença Sisbio: 53645, Projeto: Estudo Da Distribuição Florestal Na Reserva Biológica Das Perobas, Tuneiras Do Oeste Pr;05/02/2017;06/02/2017 a 06/04/2017;27/05/2019;Sem Informações;Sem Informações;Sloanea;Sem Informações;3;Sem Informações;Sem Informações;Sem Informações;Sem Informações;Sem Informações;Sem Informações;Sem Informações;Espécie Ameaçada;Em Perigo;Reserva Biológica Das Perobas;Brasil;PR;Sem Informações;Espécie não Sensível;-23.898331;-52.671667;Coordenada aproximada;Sem Informações;Será destinado posteriormente
Sem Informações;ICMBio;Sistema de Autorização e Informação em Biodiversidade.;SISBIO-DIBIO;Débora Cristina Souza;1054416;Nº Da Autorização/Licença Sisbio: 53645, Projeto: Estudo Da Distribuição Florestal Na Reserva Biológica Das Perobas, Tuneiras Do Oeste Pr;05/02/2017;06/02/2017 a 06/04/2017;27/05/2019;Euterpe edulis;Sem Informações;Euterpe edulis;species;3;Sem Informações;Magnoliophyta;Liliopsida;Arecales;Arecaceae;Euterpe;Euterpe edulis;Espécie Ameaçada;Vulnerável;Reserva Biológica Das Perobas;Brasil;PR;Sem Informações;Espécie não Sensível;-23.898331;-52.671667;Coordenada aproximada;Sem Informações;Será destinado posteriormente
Sem Informações;ICMBio;Sistema de Autorização e Informação em Biodiversidade.;SISBIO-DIBIO;Débora Cristina Souza;1054417;Nº Da Autorização/Licença Sisbio: 53645, Projeto: Estudo Da Distribuição Florestal Na Reserva Biológica Das Perobas, Tuneiras Do Oeste Pr;05/02/2017;06/02/2017 a 06/04/2017;27/05/2019;Sem Informações;Sem Informações;Casearia;Sem Informações;3;Sem Informações;Sem Informações;Sem Informações;Sem Informações;Sem Informações;Sem Informações;Sem Informações;Espécie Ameaçada;Vulnerável;Reserva Biológica Das Perobas;Brasil;PR;Sem Informações;Espécie não Sensível;-23.898331;-52.671667;Coordenada aproximada;Sem Informações;Será destinado posteriormente
Sem Informações;ICMBio;Sistema de Autorização e Informação em Biodiversidade.;SISBIO-DIBIO;Débora Cristina Souza;1054419;Nº Da Autorização/Licença Sisbio: 53645, Projeto: Estudo Da Distribuição Florestal Na Reserva Biológica Das Perobas, Tuneiras Do Oeste Pr;05/02/2017;06/02/2017 a 06/04/2017;27/05/2019;Ocotea;Sem Informações;Ocotea;genus;3;Sem Informações;Magnoliophyta;Magnoliopsida;Laurales;Lauraceae;Ocotea;Sem Informações;Espécie Ameaçada;Em Perigo;Reserva Biológica Das Perobas;Brasil;PR;Sem Informações;Espécie não Sensível;-23.898331;-52.671667;Coordenada aproximada;Sem Informações;Será destinado posteriormente
Sem Informações;ICMBio;Sistema de Autorização e Informação em Biodiversidade.;SISBIO-DIBIO;Débora Cristina Souza;1054420;Nº Da Autorização/Licença Sisbio: 53645, Projeto: Estudo Da Distribuição Florestal Na Reserva Biológica Das Perobas, Tuneiras Do Oeste Pr;05/02/2017;06/02/2017 a 06/04/2017;27/05/2019;Psychotria;Sem Informações;Psychotria;genus;3;Sem Informações;Magnoliophyta;Magnoliopsida;Rubiales;Rubiaceae;Psychotria;Sem Informações;Espécie Ameaçada;Em Perigo;Reserva Biológica Das Perobas;Brasil;PR;Sem Informações;Espécie não Sensível;-23.898331;-52.671667;Coordenada aproximada;Sem Informações;Será destinado posteriormente
Sem Informações;ICMBio;Sistema de Autorização e Informação em Biodiversidade.;SISBIO-DIBIO;Edilson Caron;861388;Nº Da Autorização/Licença Sisbio: 48533;29/04/2017;30/04/2017 a 29/06/2017;14/04/2016;Orthoptera;Sem Informações;Orthoptera;order;35;Sem Informações;Arthropoda;Insecta;Orthoptera;Sem Informações;Sem Informações;Sem Informações;Espécie não Ameaçada;Sem Informações;Area Urbana E Rural;Brasil;PR;Palotina;Espécie não Sensível;-24.283889;-53.84;Coordenada aproximada;Sem Informações;Depositado em coleção/museu
Sem Informações;ICMBio;Sistema de Autorização e Informação em Biodiversidade.;SISBIO-DIBIO;Edilson Caron;861389;Nº Da Autorização/Licença Sisbio: 48533;29/04/2017;30/04/2017 a 29/06/2017;14/04/2016;Hemiptera;Sem Informações;Hemiptera;order;60;Sem Informações;Arthropoda;Insecta;Hemiptera;Sem Informações;Sem Informações;Sem Informações;Espécie não Ameaçada;Sem Informações;Area Urbana E Rural;Brasil;PR;Palotina;Espécie não Sensível;-24.283889;-53.84;Coordenada aproximada;Sem Informações;Depositado em coleção/museu
Sem Informações;ICMBio;Sistema de Autorização e Informação em Biodiversidade.;SISBIO-DIBIO;Edilson Caron;861390;Nº Da Autorização/Licença Sisbio: 48533;29/04/2017;30/04/2017 a 29/06/2017;14/04/2016;Hymenoptera;Sem Informações;Hymenoptera;order;29;Sem Informações;Arthropoda;Insecta;Hymenoptera;Sem Informações;Sem Informações;Sem Informações;Espécie não Ameaçada;Sem Informações;Area Urbana E Rural;Brasil;PR;Palotina;Espécie não Sensível;-24.283889;-53.84;Coordenada aproximada;Sem Informações;Depositado em coleção/museu
Sem Informações;ICMBio;Sistema de Autorização e Informação em Biodiversidade.;SISBIO-DIBIO;Edilson Caron;861391;Nº Da Autorização/Licença Sisbio: 48533;29/04/2017;30/04/2017 a 29/06/2017;14/04/2016;Diptera;Sem Informações;Diptera;order;15;Sem Informações;Arthropoda;Insecta;Diptera;Sem Informações;Sem Informações;Sem Informações;Espécie não Ameaçada;Sem Informações;Area Urbana E Rural;Brasil;PR;Palotina;Espécie não Sensível;-24.283889;-53.84;Coordenada aproximada;Sem Informações;Depositado em coleção/museu
Sem Informações;ICMBio;Sistema de Autorização e Informação em Biodiversidade.;SISBIO-DIBIO;Edilson Caron;861392;Nº Da Autorização/Licença Sisbio: 48533;29/04/2017;30/04/2017 a 29/06/2017;14/04/2016;Coleoptera;Sem Informações;Coleoptera;order;96;Sem Informações;Arthropoda;Insecta;Coleoptera;Sem Informações;Sem Informações;Sem Informações;Espécie não Ameaçada;Sem Informações;Area Urbana E Rural;Brasil;PR;Palotina;Espécie não Sensível;-24.283889;-53.84;Coordenada aproximada;Sem Informações;Depositado em coleção/museu
